"","player.name","player.name.GK","possession_team.name","play_pattern.name","shot.statsbomb_xg","shot.first_time","location.x","location.y","DistToGoal","DistToKeeper","AngleToGoal","AngleDeviation","avevelocity","DefendersInCone","InCone.GK","under_pressure","goal","shot.type.name_Free.Kick","shot.type.name_Open.Play","shot.type.name_Penalty","shot.technique.name_Half.Volley","shot.technique.name_Lob","shot.technique.name_Normal","shot.technique.name_Volley","shot.body_part.name_processed_Head","shot.body_part.name_processed_Other","shot.body_part.name_processed_Stronger.Foot","shot.body_part.name_processed_Weaker.Foot"
"1","Dennis Bergkamp","Paul Jones","Arsenal","From Throw In",0.18677612,1,104.4,34.8,1.78378985456476,1.85737027964535,1.04474507153837,0.473546293038234,-0.0578687526417457,0,1,0,1,0,1,0,1,0,0,0,0,0,1,0
"2","Thierry Henry","Paul Jones","Arsenal","From Throw In",0.031963106,0,107.2,18.1,2.7516788672383,0.839694818886974,3.38302182140394,0.302836423387504,-0.0449203227443163,1,1,0,0,0,1,0,0,0,1,0,0,0,1,0
"3","Gilberto Aparecido da Silva","Paul Jones","Arsenal","From Throw In",0.101165496,1,109.1,50.3,1.62680340821516,0.895261659714051,2.45836559954762,1.41704283155546,-0.0662530383094637,1,1,0,0,0,1,0,0,0,1,0,0,0,1,0
"4","Sulzeer Jeremiah ""Sol"" Campbell","Paul Jones","Arsenal","From Corner",0.03724119,0,109.1,39.3,1.1848423469176,0.313522511478502,0.208241167449496,0.692194385937447,-0.0769197590131562,3,3,1,0,0,1,0,0,0,1,0,1,0,0,0
"5","Dennis Bergkamp","Paul Jones","Arsenal","From Corner",0.011366472,0,91.7,39.9,3.06993720893233,0.302787489338128,0.0114736813435167,1.11628124840456,-0.0457480428954749,2,1,0,0,0,1,0,1,0,0,0,0,0,0,1
"6","Dennis Bergkamp","Paul Jones","Arsenal","From Goal Kick",0.23466155,0,109.6,50.3,1.58781814713132,1.6421126458316,2.53455296621225,0.328882747785522,-0.0672603622980363,0,1,1,0,0,1,0,0,0,1,0,0,0,1,0
"7","Eduardo César Daude Gaspar","Paul Jones","Arsenal","From Throw In",0.040604666,1,100.3,30.5,2.37251351726717,0.677053408896547,1.45901574531852,1.14481409862229,-0.0520471844804393,2,1,0,0,0,1,0,1,0,0,0,0,0,1,0
"8","Thierry Henry","Paul Jones","Arsenal","Regular Play",0.36041838,1,106.5,49.2,1.77217455533157,3.71842802622473,1.94235879273774,0.0815873868403141,-0.082148426608903,0,1,1,1,0,1,0,0,0,1,0,0,0,1,0
"9","Thierry Henry","Paul Jones","Arsenal","Regular Play",0.019422866,0,94.5,28.8,3.02123454782323,0.566880500306518,1.34379664225802,0.780195701335245,-0.038736602322885,1,2,0,0,0,1,0,0,0,1,0,0,0,1,0
"10","Kolo Habib Touré","Paul Jones","Arsenal","From Corner",0.7232792,0,117.6,39.3,0.27119417343871,1.12202923335119,0.921498014146438,2.96924875270866,-0.0855725660103485,0,1,0,1,0,1,0,0,0,1,0,1,0,0,0
"11","Ashley Cole","Paul Jones","Arsenal","From Throw In",0.1392026,1,111.3,27.3,1.66992202764032,2.2942496213776,3.15024362394963,0.0924056589235771,-0.061869891921127,0,1,0,0,0,1,0,0,0,1,0,0,0,1,0
"12","Patrick Vieira","Kasey Keller","Arsenal","From Counter",0.8369535,1,111.3,39.7,0.944316648266196,2.59886407461596,0.111923422966984,2.79709028579222,-0.0742027472447428,0,1,0,1,0,1,0,0,0,1,0,0,0,1,0
"13","Robert Pirès ","Kasey Keller","Arsenal","Regular Play",0.16856258,1,109.7,32.9,1.3570552103234,1.45016382555435,1.95967673399977,1.08165323950039,-0.0660510326844579,0,1,0,1,0,1,0,1,0,0,0,0,0,0,1
"14","Thierry Henry","Kasey Keller","Arsenal","Regular Play",0.115363106,0,98.4,44.7,2.39794543987562,1.98693791630058,0.695693100669991,0.197298211535208,-0.0473741329908209,0,1,0,0,0,1,0,0,0,1,0,0,0,0,1
"15","Thierry Henry","Kasey Keller","Arsenal","From Free Kick",0.013027268,0,95.7,23.6,3.18017232474647,0.743583925506264,1.92771445312837,1.21212836298496,-0.033807417641693,1,2,0,0,0,1,0,0,0,1,0,0,0,1,0
"16","Thierry Henry","Kasey Keller","Arsenal","From Throw In",0.33621103,0,108.1,46.8,1.48677738174776,2.54558418532724,1.68570135111167,0.341920744556058,-0.0513851274023499,0,1,0,0,0,1,0,0,0,1,0,0,0,1,0
"17","Robert Pirès ","Kasey Keller","Arsenal","From Free Kick",0.36621675,1,107.4,49.7,1.72493138757187,2.2442690478943,2.13033157828192,0.162674349136762,-0.0500790751619479,0,1,0,0,0,1,0,0,0,1,0,0,0,1,0
"18","Thierry Henry","Kasey Keller","Arsenal","From Free Kick",0.021714319,0,93.9,27.7,3.12991444882865,1.22742854301975,1.4299945402128,0.146201604268517,-0.00313660572525989,2,2,0,0,0,1,0,0,0,1,0,0,0,1,0
"19","Thierry Henry","Kasey Keller","Arsenal","From Free Kick",0.13790265,1,109.8,31.2,1.46135163961288,1.28130337171756,2.31141330449667,0.875738375896109,-0.0666894670035783,1,1,0,0,0,1,0,0,0,1,0,0,0,1,0
"20","Thierry Henry","Carlo Cudicini","Arsenal","Regular Play",0.059341166,0,108.5,33.5,1.43297317819363,1.05068729592927,1.67045702492337,1.84629425774994,-0.077498857453476,1,2,0,0,0,1,0,0,0,1,0,0,0,1,0
"21","Eduardo César Daude Gaspar","Carlo Cudicini","Arsenal","From Free Kick",0.05423032,0,93.2,47.4,3.01599135843833,0.307434116149904,0.874780873371674,0.71304784487543,0.0886873334138055,4,1,0,1,1,0,0,0,0,1,0,0,0,1,0
"22","Laureano Bisan-Etame Mayer","Carlo Cudicini","Arsenal","Regular Play",0.07300029,0,99.7,47.5,2.34758308523555,0.940567534435506,1.149146853946,0.414234244109374,-0.0221796543674178,0,1,0,0,0,1,0,0,0,1,0,0,0,0,1
"23","Eduardo César Daude Gaspar","Carlo Cudicini","Arsenal","From Free Kick",0.028387174,1,103.3,40.1,1.81160955662357,0.612558136847684,0.0194432726104973,0.793731717524431,-0.0487927127285374,3,2,0,0,0,1,0,1,0,0,0,0,0,1,0
"24","Robert Pirès ","Carlo Cudicini","Arsenal","From Corner",0.010445771,0,96.4,28.1,2.86711631058085,0.648532978490132,1.51648241343172,0.215755760323565,-0.0628122360488779,4,3,0,0,0,1,0,1,0,0,0,0,0,1,0
"25","Thierry Henry","Carlo Cudicini","Arsenal","From Throw In",0.05302447,0,107.8,38.7,1.33091977124456,0.427101123905856,0.344698070213364,3.0407771291856,-0.0615705249428676,0,1,0,0,0,1,0,0,0,1,0,1,0,0,0
"26","Robert Pirès ","Carlo Cudicini","Arsenal","Regular Play",0.025819095,0,97.9,30.4,2.6137716383664,0.338177527764892,1.3306356168147,1.08462231830381,-0.0373101427213884,1,1,0,0,0,1,0,1,0,0,0,0,0,1,0
"27","Gilberto Aparecido da Silva","Carlo Cudicini","Arsenal","From Goal Kick",0.030991022,1,96.9,39.8,2.50592808087371,0.584124820684819,0.0281124173472692,0.0229148798446489,-0.0428078662749477,3,1,0,0,0,1,0,1,0,0,0,0,0,1,0
"28","Robert Pirès ","Carlo Cudicini","Arsenal","From Free Kick",0.018532068,0,103.8,23.9,2.47759292247007,0.427101123905856,2.54018634841583,0.689261818282985,-0.0442083871648627,1,1,0,0,0,1,0,1,0,0,0,0,0,1,0
"29","Robert Pirès ","Carlo Cudicini","Arsenal","From Corner",0.04494997,1,98.5,41.9,2.34135925869916,0.156761255739251,0.286206449915751,0.28916224532012,-0.0670933585253905,3,1,0,0,0,1,0,1,0,0,0,0,0,1,0
"30","Thierry Henry","Carlo Cudicini","Arsenal","Regular Play",0.24950899,0,111.1,43.2,1.0259602112987,1.85737027964535,1.12074943974255,0.215629065553359,-0.0782721934826062,1,1,0,0,0,1,0,0,0,1,0,0,0,1,0
"31","Nwankwo Christian Kanu","Carlo Cudicini","Arsenal","From Corner",0.0707688,0,112.5,45.3,0.996224330600067,0.536910601597009,1.99754990803652,1.43770538383585,-0.0602257273204962,1,2,0,0,0,1,0,0,0,1,0,1,0,0,0
"32","Thierry Henry","Carlo Cudicini","Arsenal","From Free Kick",0.80951947,0,110.6,40.6,1.02176521260918,4.06975890401854,0.206978700431263,0.0314162934385682,-0.0835986596590939,0,0,0,1,0,1,0,0,0,1,0,0,1,0,0
"33","Thierry Henry","Carlo Cudicini","Arsenal","From Goal Kick",0.03316599,0,110.9,33.6,1.20683540149257,0.291657611242337,1.99024028911332,0.770688234910015,-0.0747632940342791,1,2,1,0,0,1,0,0,0,1,0,1,0,0,0
"34","Dennis Bergkamp","Carlo Cudicini","Arsenal","From Free Kick",0.07816828,1,99.6,33.5,2.32256238083833,1.4145310623354,1.00158130988139,0.758876252783182,-0.0470286882795622,1,1,0,0,0,1,0,0,0,1,0,0,0,1,0
"35","Robert Pirès ","Thomas Løvendahl Sørensen","Arsenal","From Free Kick",0.017633846,1,99.8,62.4,3.27200012903481,1.45666683496982,2.71777913190042,0.0970639410012577,-0.0404861507012203,0,1,0,0,0,1,0,0,0,0,1,0,0,1,0
"36","Robert Pirès ","Thomas Løvendahl Sørensen","Arsenal","From Corner",0.0151691465,0,88.5,46.7,3.49348624810063,0.648532978490131,0.68050444975298,0.806002013825984,-0.0464917345984559,1,2,0,0,0,1,0,0,0,1,0,0,0,1,0
"37","Thierry Henry","Thomas Løvendahl Sørensen","Arsenal","Regular Play",0.09682565,0,110.4,51.8,1.65014467846787,0.976557102246603,2.88288103560581,0.505910468791444,-0.0431417093796211,1,1,1,0,0,1,0,0,0,1,0,0,0,1,0
"38","Thierry Henry","Thomas Løvendahl Sørensen","Arsenal","From Free Kick",0.07899955,0,97.4,38.3,2.45852139536118,1.00705205666982,0.243789163666378,3.38877008372481,-0.0655559226402366,2,2,0,1,1,0,0,0,0,1,0,0,0,1,0
"39","Thierry Henry","Thomas Løvendahl Sørensen","Arsenal","From Free Kick",0.023477051,0,104.6,23.4,2.45629472275382,0.886775575684343,2.67194707098413,0.423247620546368,-0.0564714516400841,1,2,0,0,0,1,0,1,0,0,0,0,0,0,1
"40","Patrick Vieira","Thomas Løvendahl Sørensen","Arsenal","Regular Play",0.0076202904,0,84.2,40.3,3.88363691586095,0.83064124093496,0.0272094078100187,0.0758036048833624,-0.0337113718661385,3,2,0,0,0,1,0,0,0,1,0,0,0,1,0
"41","Thierry Henry","Thomas Løvendahl Sørensen","Arsenal","From Goal Kick",0.03707128,0,100.7,29.7,2.3731086293628,0.993350029681778,1.59179655117324,0.290399309988155,-0.043256463396909,0,2,1,0,0,1,0,0,0,1,0,0,0,1,0
"42","Thierry Henry","Thomas Løvendahl Sørensen","Arsenal","Other",0.76,0,108.1,40.1,1.29092984361631,0.043477749659537,0.0272856210557198,2.10098155911605,-0.0439060613830234,0,1,0,1,0,0,1,0,0,1,0,0,0,1,0
"43","Fredrik Ljungberg","Thomas Løvendahl Sørensen","Arsenal","From Goal Kick",0.2720138,1,112.5,35.8,0.932466373232447,0.674956181114925,1.65758893376442,1.41735883841737,0.00255218337544186,1,1,0,0,0,1,0,0,0,1,0,0,0,1,0
"44","Ashley Cole","Thomas Løvendahl Sørensen","Arsenal","From Free Kick",0.043520596,0,76.7,19.3,5.20622749793745,2.2239623317391,1.44800312383269,0.92377519191036,-0.0616973497578278,2,2,0,0,1,0,0,0,0,1,0,0,0,1,0
"45","Robert Pirès ","Thomas Løvendahl Sørensen","Arsenal","From Free Kick",0.087567896,0,103.3,29.5,2.13989903631822,1.27871897963184,1.82253243168,0.22996460243969,-0.0606559560943273,0,1,0,0,0,1,0,0,0,1,0,0,0,1,0
"46","Ray Parlour","Thomas Løvendahl Sørensen","Arsenal","Regular Play",0.028320346,0,98.9,21.7,3.02981062905291,1.0334543116333,2.31987053309435,0.48762296691592,-0.0534356847117358,1,1,1,0,0,1,0,0,0,1,0,0,0,1,0
"47","Kolo Habib Touré","Thomas Løvendahl Sørensen","Arsenal","From Counter",0.026164522,0,90.4,50.1,3.39271606642462,1.47856314319901,1.06772695000237,1.03552730358614,-0.0346313612033149,0,1,1,0,0,1,0,0,0,1,0,0,0,1,0
"48","Thierry Henry","Thomas Løvendahl Sørensen","Arsenal","From Keeper",0.04555448,0,98.5,52.1,2.67625644829568,0.646343215417393,1.66447900405951,1.23080353579656,-0.058983754419408,1,1,0,0,0,1,0,0,0,1,0,0,0,0,1
"49","Jérémie Aliadière","Mark Schwarzer","Arsenal","From Goal Kick",0.11270856,0,107.8,53.2,1.94982387092871,0.912515003799394,2.67801038004052,0.676067973571069,-0.0461167713765014,0,1,0,0,0,1,0,0,0,1,0,0,0,1,0
"50","Thierry Henry","Mark Schwarzer","Arsenal","From Free Kick",0.14639963,0,106.1,27.9,1.99911130311954,1.00845888211474,2.3258004328869,0.526231791473404,-0.0473688329260689,0,1,0,0,0,1,0,0,0,1,0,0,0,1,0
"51","Patrick Vieira","Mark Schwarzer","Arsenal","From Corner",0.08543226,0,113.5,42.5,0.75545954923287,0.283440250153259,1.1922374275276,0.903734035018756,-0.0809725203669517,5,2,1,0,0,1,0,0,0,1,0,1,0,0,0
"52","Thierry Henry","Mark Schwarzer","Arsenal","Regular Play",0.016273933,0,93.2,23,3.44276063117223,0.591361329780388,1.83549863330436,2.78483733501278,-0.0598412273744175,1,1,0,0,0,1,0,0,0,1,0,0,0,1,0
"53","Patrick Vieira","Mark Schwarzer","Arsenal","From Free Kick",0.020727167,0,91.1,38.5,3.13922455147157,0.523541434598381,0.168381708269196,0.292761694459879,-0.0480378623245128,1,1,0,0,0,1,0,0,0,1,0,0,0,1,0
"54","Fredrik Ljungberg","Mark Schwarzer","Arsenal","Regular Play",0.10561987,0,102,43.2,1.98321389786589,0.544774641780269,0.571287458772293,0.291436770839625,-0.0493252527960735,0,1,0,0,0,1,0,0,0,1,0,0,0,1,0
"55","Robert Pirès ","Mark Schwarzer","Arsenal","From Counter",0.037148878,0,102.8,27.4,2.31289044288223,0.59692907775022,2.05293935672061,0.0792887688982123,-0.0441851184020753,1,1,0,0,0,1,0,0,0,1,0,0,0,1,0
"56","Gilberto Aparecido da Silva","Mark Schwarzer","Arsenal","Regular Play",0.035797488,0,100.8,44.6,2.14171295293573,0.612558136847684,0.763550562116609,0.187197995435382,-0.0738919851508626,1,2,1,0,0,1,0,0,0,1,0,0,0,0,1
"57","Thierry Henry","Mark Schwarzer","Arsenal","Regular Play",0.020778637,0,96.1,32.6,2.71404538527288,0.247861308502087,0.974970590976416,1.12384876777078,-0.0107807075981792,1,2,0,0,0,1,0,1,0,0,0,0,0,0,1
"58","Laureano Bisan-Etame Mayer","Mark Schwarzer","Arsenal","Regular Play",0.016708564,0,102,57,2.68578091319318,0.630802066898797,2.45749108695511,0.166830993403669,-0.0370312030561318,1,2,0,0,0,1,0,0,0,1,0,0,0,0,1
"59","Thierry Henry","Mark Schwarzer","Arsenal","From Free Kick",0.0156198535,0,88.1,29.5,3.64307358213814,0.3209706403901,1.03251512811104,0.0702107251939131,-0.055195315050931,4,3,0,0,1,0,0,0,0,1,0,0,0,1,0
"60","Thierry Henry","Mark Schwarzer","Arsenal","From Free Kick",0.09890298,0,100.3,26.1,2.61541438074321,0.247861308502087,1.99520355105389,1.95545692885255,-0.0392477663198682,7,3,0,0,1,0,0,0,0,1,0,0,0,1,0
"61","Fredrik Ljungberg","Mark Schwarzer","Arsenal","From Corner",0.015299054,1,98.5,50.1,2.5767956469237,0.308967462899577,1.42601494711799,1.42616401832526,-0.0237299996885937,5,3,0,0,0,1,0,1,0,0,0,0,0,1,0
"62","Robert Pirès ","Mark Schwarzer","Arsenal","Regular Play",0.35496974,1,106.7,35.4,1.52660882722416,0.440178666378086,1.08122741649462,0.322617654327561,-0.0526439781160547,0,1,0,1,0,1,0,0,0,1,0,0,0,1,0
"63","Fredrik Ljungberg","Mark Schwarzer","Arsenal","From Free Kick",0.120782256,1,108.2,50.3,1.69908722792181,0.66008904089747,2.33018759626772,0.975823574159392,-0.0723677180365443,1,1,0,1,0,1,0,0,0,1,0,0,0,1,0
"64","Thierry Henry","Mark Schwarzer","Arsenal","Regular Play",0.02107927,0,108.6,50.1,1.6521758019609,0.929448129248779,2.35414371154431,0.658012919609634,-0.0810334464646118,0,2,1,0,0,1,0,0,0,1,0,1,0,0,0
"65","Eduardo César Daude Gaspar","Mark Schwarzer","Arsenal","From Free Kick",0.021527342,0,83.3,60,4.53391240422739,0.326806948248268,1.62017138206041,0.581924802208879,-0.0332568928792857,3,1,0,0,1,0,0,0,0,1,0,0,0,1,0
"66","Eduardo César Daude Gaspar","Mark Schwarzer","Arsenal","From Keeper",0.07634717,0,103.4,29.3,2.14239964151439,0.633791666902229,1.85912152602113,0.29051132483263,-0.0531879195808156,1,2,0,0,0,1,0,0,0,1,0,0,0,1,0
"67","Thierry Henry","Mark Schwarzer","Arsenal","From Free Kick",0.018222738,0,89,22.1,3.88315208622028,0.52354143459838,1.70032767261247,0.472723615742383,-0.0420910177493036,4,2,0,0,1,0,0,0,0,1,0,0,0,1,0
"68","Thierry Henry","Mark Schwarzer","Arsenal","From Free Kick",0.027817061,0,86.3,43.7,3.67766497592702,0.221693893921087,0.355080525261317,2.89062610307087,-0.0440706364329034,2,1,0,0,1,0,0,0,0,1,0,0,0,1,0
"69","Kolo Habib Touré","Edwin van der Sar","Arsenal","From Corner",0.3446383,1,115.5,39.1,0.497816777641192,0.651441212712397,0.640956279573301,2.74393859488677,-0.079095699789913,2,1,0,0,0,1,0,0,0,0,1,0,0,1,0
"70","Fredrik Ljungberg","Edwin van der Sar","Arsenal","From Corner",0.30881238,1,108.1,34.3,1.43132985978813,2.46752987793227,1.45046434207175,0.236739685383527,-0.0188068896338955,0,1,0,0,0,1,0,1,0,0,0,0,0,0,1
"71","Fredrik Ljungberg","Edwin van der Sar","Arsenal","From Counter",0.085569486,0,110.6,51.2,1.58614978366503,0.885175377852951,2.83324451500489,0.909246650252779,-0.0610971826587929,1,2,0,0,0,1,0,0,0,1,0,0,0,0,1
"72","Thierry Henry","Edwin van der Sar","Arsenal","Regular Play",0.04262787,0,100.7,20.8,2.9531638431845,2.84239425377008,2.54180523318262,0.277064055259353,-0.04842396276177,0,1,0,0,0,1,0,0,0,1,0,0,0,1,0
"73","Eduardo César Daude Gaspar","Edwin van der Sar","Arsenal","Regular Play",0.020786682,0,100.9,22.6,2.80277833426967,0.457033670595559,2.3991151828987,1.0476636733269,-0.0438645560394712,0,1,0,0,0,1,0,0,0,1,0,0,0,1,0
"74","Robert Pirès ","Edwin van der Sar","Arsenal","Regular Play",0.07579835,1,108.7,27.4,1.83596652789097,0.740399397273295,2.72668389208082,0.0116881540388228,-0.0577824629288093,1,1,0,0,0,1,0,0,0,1,0,0,0,1,0
"75","Thierry Henry","Edwin van der Sar","Arsenal","Regular Play",0.16416815,1,103.4,38.7,1.80624277654117,0.725570567384663,0.253770306641956,1.47389510450327,-0.0488257930988816,0,1,0,0,0,1,0,0,0,1,0,0,0,1,0
"76","Dennis Bergkamp","Edwin van der Sar","Arsenal","From Throw In",0.049654372,0,97.3,32.7,2.5866408708088,0.561014616675595,1.010294742648,0.386402617566292,-0.0385494415630538,0,1,0,0,0,1,0,1,0,0,0,0,0,1,0
"77","Thierry Henry","Edwin van der Sar","Arsenal","Regular Play",0.014147292,0,96.3,26.7,2.94807900209132,0.399664350994876,1.66050783080039,0.308599045486977,-0.036013185116048,0,2,0,0,0,1,0,0,0,1,0,0,0,1,0
"78","Thierry Henry","Edwin van der Sar","Arsenal","From Free Kick",0.17735319,0,108.3,34.2,1.41657881268654,0.380275000141339,1.49437403532244,0.56969457379945,-0.071243088137939,0,1,1,0,0,1,0,1,0,0,0,0,0,1,0
"79","Gilberto Aparecido da Silva","Edwin van der Sar","Arsenal","From Throw In",0.014159448,0,84.8,40,3.81841396201702,0.566880500306516,0,0.578758698477526,-0.037801930804512,0,1,0,0,0,1,0,0,0,1,0,0,0,1,0
"80","Fredrik Ljungberg","Edwin van der Sar","Arsenal","Regular Play",0.021402987,1,92.3,44.5,3.04422435758032,0.554234734802714,0.522933179370799,0.573140999206837,-0.032462605450846,1,1,0,0,0,1,0,0,0,1,0,0,0,1,0
"81","Thierry Henry","Edwin van der Sar","Arsenal","From Corner",0.17158334,0,115.9,41.9,0.490194252372518,0.290032765110868,1.40907494254957,2.62702368501921,-0.0803264500333905,2,1,1,0,0,1,0,0,0,1,0,1,0,0,0
"82","Dennis Bergkamp","Edwin van der Sar","Arsenal","Regular Play",0.16146144,1,103.7,42.4,1.78724984829737,0.290032765110868,0.4746848242312,1.09154104833452,-0.0532598849300585,0,1,0,0,0,1,0,0,0,1,0,0,0,1,0
"83","Dennis Bergkamp","Edwin van der Sar","Arsenal","Regular Play",0.10973931,0,111.3,51.8,1.59033590904302,1.05785930612289,3.03756654316855,0.0398764117821525,-0.0324595748337387,0,1,0,0,0,1,0,0,0,1,0,0,0,1,0
"84","Fredrik Ljungberg","Edwin van der Sar","Arsenal","Regular Play",0.10035475,0,104.1,45.7,1.83227742879453,0.590561652159959,1.11770055300055,0.874804750220451,-0.0580263335496089,1,1,0,0,0,1,0,0,0,1,0,0,0,0,1
"85","Sulzeer Jeremiah ""Sol"" Campbell","Edwin van der Sar","Arsenal","From Corner",0.051722765,0,112.7,45.1,0.96599958432897,0.469277811483552,1.98007992807113,4.31139155093893,0.366272393885161,3,2,0,0,0,1,0,0,0,1,0,1,0,0,0
"86","Dennis Bergkamp","Edwin van der Sar","Arsenal","Regular Play",0.10463004,1,106,45.1,1.61631727369471,0.313522511478502,1.13434408460203,1.44707564741639,-0.0484030922894724,1,1,0,0,0,1,0,0,0,0,1,0,0,1,0
"87","Thierry Henry","Edwin van der Sar","Arsenal","Regular Play",0.0724678,0,104.8,27.1,2.16262687931464,0.347821997276302,2.2850562633819,0.216154801349278,-0.0592999707615059,1,1,0,0,0,1,0,0,0,1,0,0,0,1,0
"88","Thierry Henry","Edwin van der Sar","Arsenal","Regular Play",0.029236661,1,93,38.7,2.93229005711739,0.313522511478502,0.156219538964609,0.395116650059769,-0.049768465377881,1,1,0,0,0,1,0,0,0,1,0,0,0,1,0
"89","Thierry Henry","Edwin van der Sar","Arsenal","From Throw In",0.03885754,0,102.8,32.6,2.03117013232514,0.633791666902231,1.31926416931329,1.27621701976313,-0.0908757237434887,1,2,1,0,0,1,0,1,0,0,0,0,0,1,0
"90","Fredrik Ljungberg","Edwin van der Sar","Arsenal","From Throw In",0.042297415,0,106.9,24.9,2.16852260478154,0.525343647964632,2.7801425216115,0.941771907080299,-0.0717734403757946,1,2,0,0,0,1,0,0,0,1,0,0,0,1,0
"91","Nwankwo Christian Kanu","Edwin van der Sar","Arsenal","From Throw In",0.071593925,0,102.7,49.3,2.13064060922181,0.443387787842172,1.60162054124751,1.29568784937775,-0.0517025379932907,0,1,1,0,0,1,0,0,0,1,0,0,0,1,0
"92","Nwankwo Christian Kanu","Edwin van der Sar","Arsenal","Regular Play",0.055744126,0,103.1,35.4,1.89997019874517,0.427101123905856,0.862911827549498,0.694299798612267,-0.0771902610956653,1,3,1,0,0,1,0,0,0,1,0,0,0,1,0
"93","Thierry Henry","Kasey Keller","Arsenal","From Free Kick",0.01825377,0,88.1,47.8,3.56238089709962,0.291657611242337,0.778674978170719,0.216877977601809,-0.0378409396739894,0,1,0,0,0,1,0,0,0,1,0,0,0,1,0
"94","Thierry Henry","Kasey Keller","Arsenal","Regular Play",0.062478572,0,109.9,26.1,1.86385976704821,0.646343215417395,3.06012509219249,0.492277218928726,-0.032298530198556,1,1,0,0,0,1,0,0,0,1,0,0,0,1,0
"95","Thierry Henry","Kasey Keller","Arsenal","From Free Kick",0.026026275,0,94.4,56.7,3.31567457550013,0.72034116180673,1.87687222404537,0.308919449220744,-0.0454437180815822,4,2,0,0,1,0,0,0,0,1,0,0,0,1,0
"96","Thierry Henry","Kasey Keller","Arsenal","From Free Kick",0.13558367,0,101.4,49.3,2.25584001770825,0.646343215417393,1.50549407861158,1.35309209305926,-0.0667643443120976,5,1,0,0,1,0,0,0,0,1,0,0,0,0,1
"97","Gilberto Aparecido da Silva","Kasey Keller","Arsenal","From Free Kick",0.013533142,1,87.7,47.5,3.59704492914169,0.799328701989748,0.740834470382454,0.603865995011528,-0.0722712814009921,1,2,0,0,0,1,0,0,0,0,1,0,0,1,0
"98","Ray Parlour","Kasey Keller","Arsenal","From Corner",0.010894905,1,93.6,34.9,2.91675858006371,0.221693893921084,0.619641058391133,2.06136623730024,-0.0789899989183094,3,1,0,0,0,1,0,1,0,0,0,0,0,1,0
"99","Ray Parlour","Kasey Keller","Arsenal","From Throw In",0.09245038,0,98.8,36,2.34030358464451,0.245947292919922,0.605535153742433,0.493581363648429,-0.0600746763044599,1,1,1,0,0,1,0,0,0,1,0,0,0,1,0
"100","Nwankwo Christian Kanu","Kasey Keller","Arsenal","From Throw In",0.025991991,0,90.1,41.4,3.24703582312667,0.156761255739251,0.151925543163503,0.398616754537455,-0.0473390966096256,1,1,0,0,0,1,0,0,0,1,0,0,0,0,1
"101","Gilberto Aparecido da Silva","Kasey Keller","Arsenal","From Free Kick",0.13794717,0,113.9,42.5,0.71513034516186,0.153717058074952,1.26296840224558,3.12801553599259,-0.0843859527198267,1,2,1,0,0,1,0,0,0,1,0,1,0,0,0
"102","Thierry Henry","Kasey Keller","Arsenal","From Throw In",0.021549962,0,97.6,46.6,2.53318004886754,0.504229441057369,0.930397108917818,0.977070875766639,-0.0481176031232074,2,3,0,0,0,1,0,0,0,1,0,0,0,1,0
"103","Thierry Henry","Kasey Keller","Arsenal","Regular Play",0.48423856,0,112.4,46.1,1.05714257761448,1.96853884053319,2.19613154915288,0.00424155847332522,-0.0361768519817644,0,1,0,0,0,1,0,0,0,1,0,0,0,0,1
"104","Robert Pirès ","Kasey Keller","Arsenal","Regular Play",0.7586793,1,115.1,37.8,0.582657383998517,0.674255655569545,1.37027790358127,2.23611756044167,-0.0711433545977763,1,1,0,1,0,1,0,0,0,1,0,0,0,0,1
"105","Thierry Henry","Kasey Keller","Arsenal","From Free Kick",0.020514661,1,92.7,50.1,3.15761334671184,0.431504344674026,1.15059013145462,0.749132425795569,-0.0237526226834573,1,1,0,0,0,1,0,0,0,1,0,0,0,1,0
"106","Fredrik Ljungberg","Kasey Keller","Arsenal","Regular Play",0.028559837,0,98.2,29.8,2.61086618297397,0.462174818490462,1.42101701939501,1.33448191387966,0.664820198448082,1,2,0,1,0,1,0,0,0,1,0,0,0,1,0
"107","Ray Parlour","David James","Arsenal","From Free Kick",0.048389938,1,96.7,42.6,2.54321725823053,0.756187940545127,0.3608406970201,0.933025231481484,0.000635735376654975,2,2,0,0,0,1,0,0,0,1,0,0,0,1,0
"108","Gilberto Aparecido da Silva","David James","Arsenal","From Throw In",0.01823994,0,91.5,30.5,3.25884684968562,0.725570567384663,1.04474507153836,0.829158955567604,-0.0466094877381483,1,1,0,0,0,1,0,0,0,1,0,0,0,0,1
"109","Thierry Henry","David James","Arsenal","From Throw In",0.4160687,1,113.5,45.3,0.909790772834962,3.17789338514234,2.22116043262293,1.77932822777834,-0.077650361845327,0,1,0,0,0,1,0,0,0,1,0,0,0,0,1
"110","Gilberto Aparecido da Silva","David James","Arsenal","Regular Play",0.08117414,0,113.9,26.1,1.64664671475631,3.60236179771208,3.75768011696796,0.100020198364769,-0.0463664647664724,0,1,1,0,0,1,0,0,0,1,0,0,0,0,1
"111","Laureano Bisan-Etame Mayer","David James","Arsenal","Regular Play",0.032129373,0,98,55.1,2.89456557332545,0.980420844744805,1.95315946114187,0.310500906938853,-0.056494626067883,1,2,0,0,0,1,0,0,0,1,0,0,0,1,0
"112","Robert Pirès ","David James","Arsenal","From Throw In",0.017599475,0,99.3,20.7,3.07009052947425,0.806977954764003,2.43663823533918,0.121533773018687,-0.0520495055085947,1,2,0,0,0,1,0,0,0,1,0,0,0,1,0
"113","Dennis Bergkamp","David James","Arsenal","From Free Kick",0.077609465,0,100.6,40.1,2.10449474386088,0.660089040897472,0.0167373019405781,1.26864173009814,-0.0686256448000657,0,2,1,0,0,1,0,0,0,1,0,0,0,1,0
"114","Ashley Cole","David James","Arsenal","Regular Play",0.0445101,1,87,28.4,3.79448623132935,3.43240243329487,1.09758595446443,0.609633297089876,-0.0652103033650759,0,1,0,0,0,1,0,0,0,1,0,0,0,1,0
"115","Robert Pirès ","David James","Arsenal","From Free Kick",0.13221711,1,105.3,46.1,1.726465645175,0.391299746935842,1.27720439618054,1.03767093611765,-0.0263266024934301,1,2,0,0,0,1,0,0,0,1,0,0,0,1,0
"116","Eduardo César Daude Gaspar","David James","Arsenal","From Free Kick",0.010191088,0,86.6,40.4,3.62341397457836,0.247861308502087,0.0388851510215056,0.360830592708869,-0.0448708586695708,2,1,0,0,0,1,0,0,0,1,0,0,0,1,0
"117","Thierry Henry","David James","Arsenal","From Throw In",0.022629596,0,92.2,39.5,3.0161669285042,1.20056860301122,0.0583941597087453,0.0880131805045332,-0.0542536037216809,1,2,0,0,0,1,0,0,0,1,0,0,0,0,1
"118","José Antonio Reyes Calderón","David James","Arsenal","From Counter",0.3967671,0,101.3,48.7,2.23732398947701,3.91637761218473,1.41395250483404,0.130003109945898,-0.0446238797806572,0,1,0,0,0,1,0,0,0,1,0,0,0,0,1
"119","Thierry Henry","David James","Arsenal","Regular Play",0.31695434,1,110.6,40.1,1.01974779138505,1.8141218039623,0.0345419452025063,0.0166999255516575,-0.0448260719166709,1,1,0,0,0,1,0,0,0,1,0,0,0,1,0
"120","Thierry Henry","David James","Arsenal","From Throw In",0.016802229,0,98.9,23,2.93934452621678,0.648532978490132,2.20215692288495,0.343148470592229,-0.0503675090853036,1,2,1,1,0,1,0,0,0,1,0,0,0,1,0
"121","Thierry Henry","Roy Carroll","Arsenal","From Free Kick",0.11207606,0,103.1,12,3.54775052646076,0.508894012558284,3.33718735130066,1.56455836866637,0.0535888750944679,1,1,0,0,1,0,0,0,0,1,0,0,0,1,0
"122","Fredrik Ljungberg","Roy Carroll","Arsenal","From Free Kick",0.17367294,0,103.1,42.7,1.85652170797805,1.76205616259496,0.51441462158106,0.1417261257379,-0.0813521106202826,0,2,1,0,0,1,0,0,0,1,0,0,0,1,0
"123","Fredrik Ljungberg","Roy Carroll","Arsenal","Regular Play",0.21148604,0,114.1,52.5,1.49942667447738,1.58112023932163,3.66852975681191,0.059948138918449,-0.0506950818547616,0,1,0,0,0,1,0,0,0,1,0,0,0,1,0
"124","José Antonio Reyes Calderón","Roy Carroll","Arsenal","Regular Play",0.22699374,0,107.4,29.9,1.7517380333473,2.38771631100089,2.19406821757923,0.194325154750023,-0.0509850404916532,0,1,0,0,0,1,0,0,0,1,0,0,0,1,0
"125","Thierry Henry","Roy Carroll","Arsenal","Regular Play",0.025816444,1,100.2,27.2,2.5575896766631,0.992398088850099,1.86344499332994,0.771075728398675,-0.0220131765940576,2,2,0,0,0,1,0,0,0,1,0,0,0,1,0
"126","Sulzeer Jeremiah ""Sol"" Campbell","Roy Carroll","Arsenal","From Corner",0.047381524,0,112.1,39.7,0.857591276233059,0.350528824071192,0.123247057391925,0.805159194168717,0.0991234497296199,5,4,1,0,0,1,0,0,0,1,0,1,0,0,0
"127","Thierry Henry","Roy Carroll","Arsenal","From Free Kick",0.062416315,0,98,26.9,2.77755796162816,0.554234734802716,1.74390316823309,0.523465737978374,-0.0564095978477788,3,2,0,0,1,0,0,0,0,1,0,0,0,1,0
"128","Thierry Henry","Roy Carroll","Arsenal","Regular Play",0.033653863,0,102.6,35.8,1.94171998055976,0.743583925506262,0.769063401190664,0.747166215698118,-0.0736637350197749,1,1,0,0,0,1,0,0,0,1,0,1,0,0,0
"129","Eduardo César Daude Gaspar","Roy Carroll","Arsenal","From Free Kick",0.03570219,0,87.3,55,3.90261890247272,0.307434116149904,1.39649180346746,1.13830274661892,-0.0125627767491145,5,1,0,0,1,0,0,0,0,1,0,0,0,1,0
"130","Robert Pirès ","Roy Carroll","Arsenal","From Free Kick",0.017411776,0,96.1,21.9,3.25219598736213,0.783806278696255,2.10465311313973,1.19308263874454,-0.0451951734782676,1,1,0,0,0,1,0,0,0,1,0,0,0,1,0
"131","Robert Pirès ","Roy Carroll","Arsenal","From Goal Kick",0.027159378,0,95.5,35.2,2.70822925702064,0.574334325848041,0.628202749969614,0.205066362105826,-0.0200326510092585,2,2,0,0,0,1,0,1,0,0,0,0,0,1,0
"132","Thierry Henry","Roy Carroll","Arsenal","Regular Play",0.021567002,0,88.4,47.4,3.52063101937337,1.32767408356271,0.746929235452252,0.363332559031454,-0.0404623006439815,1,1,0,1,0,1,0,0,0,1,0,0,0,1,0
"133","Eduardo César Daude Gaspar","Roy Carroll","Arsenal","From Corner",0.06685441,0,112.6,39.7,0.803394144059783,0.343721791156875,0.131565737743593,1.33439357159821,0.164061778430906,3,2,1,0,0,1,0,0,0,1,0,1,0,0,0
"134","Thierry Henry","Roy Carroll","Arsenal","From Corner",0.015859466,0,89.9,29.2,3.46899646451179,0.769199912856328,1.1186022650947,0.805977570248867,-0.0461003235541965,2,1,0,0,0,1,0,0,0,1,0,0,0,1,0
"135","Fredrik Ljungberg","Roy Carroll","Arsenal","Regular Play",0.1231656,0,100.5,45.1,2.18646423593191,1.82658300462432,0.83062712243147,0.364499142433051,-0.0572306694886969,0,1,1,0,0,1,0,0,0,1,0,0,0,0,1
"136","Thierry Henry","Roy Carroll","Arsenal","Regular Play",0.06536072,0,104.9,29.1,2.02019091089998,0.787415536213277,2.03020552774186,0.716768014456999,-0.059812999806113,0,2,1,0,0,1,0,0,0,1,0,0,0,0,1
"137","Gilberto Aparecido da Silva","Roy Carroll","Arsenal","From Corner",0.11518312,0,115.6,47,0.89689452497182,0.904190861729617,3.27834403726714,0.662120748049281,0.854956967292119,0,1,0,0,0,1,0,0,0,1,0,1,0,0,0
"138","Dennis Bergkamp","Roy Carroll","Arsenal","Regular Play",0.013829867,0,101.3,19.3,3.02607981236384,0.606354856628093,2.71492345016237,0.537171246146567,-0.0189314187248555,1,2,0,0,0,1,0,0,0,1,0,0,0,1,0
"139","Laureano Bisan-Etame Mayer","Roy Carroll","Arsenal","Regular Play",0.1922588,1,110.7,52,1.64689681569626,3.42840734171341,2.95965543272766,0.241396332088512,-0.0640036396307996,1,1,0,0,0,1,0,0,0,1,0,0,0,1,0
"140","Thierry Henry","Roy Carroll","Arsenal","Regular Play",0.23742968,0,111.7,45.9,1.10466278696274,3.27442591396945,2.00657722638418,0.93803203866987,-0.0807716975708541,1,1,0,0,0,1,0,0,0,1,0,1,0,0,0
"141","Ray Parlour","Jerzy Dudek","Arsenal","From Throw In",0.020705672,0,81.5,39.3,4.17708052635641,1.93707891170779,0.0590310473111486,0.00610901339414045,-0.0620216996862212,0,1,1,0,0,1,0,0,0,1,0,0,0,1,0
"142","Thierry Henry","Jerzy Dudek","Arsenal","From Free Kick",0.03000872,0,93.9,49.9,3.02810124198964,0.748650995546745,1.17720482504531,0.0735988118360847,-0.0434590968129261,1,1,0,0,0,1,0,0,0,1,0,0,0,0,1
"143","Kolo Habib Touré","Jerzy Dudek","Arsenal","From Corner",0.04434648,1,107.8,45,1.43026069032372,0.525343647964631,1.26296840224558,0.0798948908302944,-0.0643687339201359,3,1,0,0,0,1,0,1,0,0,0,0,0,1,0
"144","Eduardo César Daude Gaspar","Jerzy Dudek","Arsenal","From Free Kick",0.18918699,0,113,38.6,0.77438165410852,0.165558338280297,0.640956279573301,0.484645763724897,-0.0909376252885102,0,1,0,0,0,1,0,0,0,1,0,1,0,0,0
"145","Ray Parlour","Jerzy Dudek","Arsenal","Regular Play",0.038339127,1,93.9,49.2,3.00201048135908,0.856412347877755,1.10040359686478,0.0748552203575214,-0.0381616800694745,1,1,0,0,0,1,0,0,0,1,0,0,0,1,0
"146","Kolo Habib Touré","Jerzy Dudek","Arsenal","From Corner",0.1329887,0,112.4,40.4,0.825571367782143,0.587352054198318,0.170740636538906,2.31589645795924,-0.0668604084549645,1,2,1,0,0,1,0,0,0,1,0,1,0,0,0
"147","Ray Parlour","Jerzy Dudek","Arsenal","Regular Play",0.021037357,0,91.5,60.5,3.80832330012054,1.84562919278341,2.0247424373507,0.265420939747445,-0.0397832903186752,0,1,0,0,0,1,0,0,0,1,0,0,0,1,0
"148","Gilberto Aparecido da Silva","Jerzy Dudek","Arsenal","From Corner",0.041250654,0,111.5,35.2,1.05892209294471,0.308967462899577,1.66919798453106,1.09679341881706,-0.0724666737403855,2,1,0,0,0,1,0,0,0,1,0,1,0,0,0
"149","Thierry Henry","Jerzy Dudek","Arsenal","From Free Kick",0.08391718,0,95.1,40.4,2.70144246760001,1.52110000056535,0.0521572058602314,0.605879370938804,-0.052006025903132,1,2,0,0,0,1,0,0,0,1,0,0,0,1,0
"150","Robert Pirès ","Jerzy Dudek","Arsenal","Regular Play",0.048773024,0,95.6,31.7,2.79580017298645,0.869554993190758,1.06466546784453,0.492261941185378,-0.0569738361888661,1,1,0,1,0,1,0,0,0,1,0,0,0,1,0
"151","Sylvain Wiltord","Jerzy Dudek","Arsenal","Regular Play",0.022054601,0,96,31.5,2.76192326671486,0.62250663985919,1.10524239345496,0.0333712206411767,-0.0558365229200441,2,2,0,0,0,1,0,0,0,1,0,0,0,1,0
"152","Thierry Henry","Jerzy Dudek","Arsenal","From Free Kick",0.02915747,0,83.1,28.7,4.18631053540543,0.72034116180673,0.964915290452,3.10521113440009,-0.0390628020697505,3,2,0,0,1,0,0,0,0,1,0,0,0,1,0
"153","Gilberto Aparecido da Silva","Ian Walker","Arsenal","From Throw In",0.012197965,0,84,41.3,3.90774147994695,0.278393432634027,0.117204209537294,0.388415333867563,-0.0424107714221965,1,1,0,0,0,1,0,0,0,1,0,0,0,1,0
"154","Thierry Henry","Ian Walker","Arsenal","From Throw In",0.011760994,0,87.2,31.6,3.67289433675895,0.276690704534915,0.814069345306103,0.66356090984518,-0.0464124145381106,2,2,0,0,0,1,0,0,0,1,0,0,0,1,0
"155","Fredrik Ljungberg","Ian Walker","Arsenal","Regular Play",0.053545356,0,106.4,53,2.04087985594946,1.3748871646275,2.47700949277568,0.911279036090269,-0.0621401619144204,0,1,1,0,0,1,0,0,0,1,0,0,0,1,0
"156","Thierry Henry","Ian Walker","Arsenal","From Free Kick",0.014514488,0,84.9,24.1,4.18000932122794,0.278393432634027,1.38110298344985,0.832878760964476,-0.0352271650836819,3,2,0,0,1,0,0,0,0,1,0,0,0,1,0
"157","Dennis Bergkamp","Ian Walker","Arsenal","From Free Kick",0.054044664,0,103.5,48.5,2.01342269219744,0.223815414928514,1.54461345493272,1.99562444692353,0.222446626467086,1,2,0,0,0,1,0,0,0,1,0,0,0,1,0
"158","Dennis Bergkamp","Ian Walker","Arsenal","From Free Kick",0.083505765,1,99.9,44,2.22315714027708,0.223815414928514,0.637849040967219,0.21666445066203,-0.0632054232453494,1,2,0,0,0,1,0,0,0,1,0,0,0,1,0
"159","Robert Pirès ","Ian Walker","Arsenal","Regular Play",0.026071616,1,95.1,24.4,3.18741654662764,0.771040840689628,1.81732261132944,1.69261744896134,-0.0465074837933839,1,1,0,0,0,1,0,0,0,1,0,0,0,1,0
"160","Thierry Henry","Ian Walker","Arsenal","Regular Play",0.034550298,0,98.6,51.7,2.64572120931201,0.525343647964631,1.62459899297846,0.37466575426863,-0.0446346971092642,1,1,0,0,0,1,0,0,0,1,0,0,0,1,0
"161","Fredrik Ljungberg","Ian Walker","Arsenal","From Corner",0.07210817,1,100.8,35.1,2.14952819854012,2.11750478277266,0.811359102408217,0.531429246010936,-0.0853708640699684,1,2,1,0,0,1,0,0,0,1,0,0,0,1,0
"162","Thierry Henry","Ian Walker","Arsenal","From Throw In",0.039256465,0,97.8,30,2.64124747682787,0.491894585839844,1.37425045438654,1.12017346817671,-0.0436593254776825,1,1,0,0,0,1,0,0,0,1,0,0,0,1,0
"163","Robert Pirès ","Ian Walker","Arsenal","Regular Play",0.04233155,0,95.1,39.3,2.70216110721055,0.339572080187555,0.0912589253334094,0.314339280022471,-0.0513966333049045,1,1,0,0,0,1,0,0,0,1,0,0,0,1,0
"164","Ashley Cole","Ian Walker","Arsenal","From Free Kick",0.10561759,1,103,38.4,1.85227010174665,0.313522511478502,0.304708548476414,0.274080889627574,-0.0742604736916759,1,1,0,0,0,1,0,0,0,0,1,0,0,0,1
"165","Gilberto Aparecido da Silva","Ian Walker","Arsenal","From Throw In",0.019895516,1,88.5,29.5,3.60188336017884,0.278393432634027,1.04474507153836,1.14446868713145,-0.0608455361319604,1,1,0,0,0,1,0,0,0,1,0,0,0,1,0
"166","Gilberto Aparecido da Silva","Ian Walker","Arsenal","From Free Kick",0.0133168,0,88.1,47.1,3.54511263917595,0.276690704534915,0.711110038982505,0.579637136796797,-0.075935103023059,2,2,0,0,0,1,0,0,0,1,0,0,0,1,0
"167","Kolo Habib Touré","Ian Walker","Arsenal","From Corner",0.026812715,0,106.7,38.9,1.4476791034389,0.674255655569546,0.267944436378745,3.25670483092818,-0.0803402416148637,1,1,0,0,0,1,0,0,0,1,0,1,0,0,0
"168","Fredrik Ljungberg","Ian Walker","Arsenal","Regular Play",0.011057602,1,106.3,59.7,2.60296682820989,0.850320750459775,3.12738848710389,1.02953828408272,-0.0473623037826654,2,2,0,0,0,1,0,0,0,1,0,0,0,1,0
"169","Patrick Vieira","Ian Walker","Arsenal","From Throw In",0.60270625,0,110.5,40.1,1.03059495099584,2.53012861014943,0.0341783727782186,0.253253660886966,-0.0662155525773305,0,1,0,1,0,1,0,0,0,1,0,0,0,1,0
"170","Thierry Henry","Ian Walker","Arsenal","From Free Kick",0.030913258,0,98.1,34.2,2.45756393396946,0.523541434598379,0.840653506091218,2.98402348536268,-0.0570041197171199,1,2,0,0,0,1,0,0,0,1,0,0,0,1,0
"171","Patrick Vieira","Danny Coyne","Arsenal","From Goal Kick",0.01492144,0,94.8,59.5,3.45649075968853,0.375271163695774,2.13840644730427,0.126619573649425,-0.0345825209950854,3,1,0,0,0,1,0,0,0,1,0,0,0,1,0
"172","Fredrik Ljungberg","Danny Coyne","Arsenal","From Throw In",0.16899672,1,102.5,36.1,1.94492928713188,1.07996489731715,0.71199670048472,0.354050036376039,-0.0439391541504687,0,1,1,0,0,1,0,0,0,1,0,0,0,0,1
"173","Kolo Habib Touré","Danny Coyne","Arsenal","From Corner",0.24766652,0,114.3,34.2,0.882144249159361,1.63721295698472,2.57847378925098,0.47187002706564,-0.0465929431246116,0,1,0,0,0,1,0,1,0,0,0,0,0,1,0
"174","Eduardo César Daude Gaspar","Danny Coyne","Arsenal","From Corner",0.16984391,0,107.8,39.3,1.32560422139714,1.10718972763215,0.186102981562661,0.225197018078502,-0.0725654889455497,3,2,0,0,0,1,0,0,0,1,0,0,0,1,0
"175","Thierry Henry","Neil Sullivan","Arsenal","From Corner",0.020981507,1,105.3,30.3,1.91050087838974,1.0694112412219,1.89394251856116,1.76211009396998,-0.0560922355860987,3,2,0,0,0,1,0,1,0,0,0,0,0,1,0
"176","Sulzeer Jeremiah ""Sol"" Campbell","Neil Sullivan","Arsenal","From Corner",0.035099592,0,98,40.7,2.38771646743227,0.436945976364586,0.103280870855876,1.73075824234244,-0.059064271362354,3,1,1,0,0,1,0,0,0,1,0,0,0,0,1
"177","Thierry Henry","Neil Sullivan","Arsenal","Regular Play",0.02902376,1,110.6,19.7,2.42672571765069,1.15727610184502,3.69236697390598,0.362895906353918,-0.0502588846171189,0,1,0,0,0,1,0,0,0,0,1,0,0,0,1
"178","Patrick Vieira","Neil Sullivan","Arsenal","From Counter",0.2837439,1,107,33.8,1.56237973680878,2.10967912193882,1.44499675669499,0.314054685600474,-0.0637181490608438,0,2,0,1,0,1,0,0,0,1,0,0,0,0,1
"179","Eduardo César Daude Gaspar","Neil Sullivan","Arsenal","From Throw In",0.017667737,0,91.9,40.5,3.04870502317174,0.95749811331243,0.0577708667788577,2.00560719697568,-0.0497521244931557,1,1,0,0,0,1,0,1,0,0,0,0,0,1,0
"180","Eduardo César Daude Gaspar","Neil Sullivan","Arsenal","From Corner",0.1898611,0,114,47.6,1.05038653345047,1.57062430379514,2.93049889500015,2.23318532032887,-0.0714230251383498,1,1,0,1,0,1,0,0,0,1,0,0,0,1,0
"181","Dennis Bergkamp","Neil Sullivan","Arsenal","From Free Kick",0.08652462,0,99.1,74.6,4.38492717664534,1.39434166718491,3.33605751870212,2.07088016065967,-0.0637759485724234,0,1,0,0,0,1,0,0,1,0,0,0,0,1,0
"182","Robert Pirès ","Neil Sullivan","Arsenal","From Throw In",0.01795536,0,97,57.4,3.12852306647546,0.827220603585039,2.10300073917617,0.225377746787875,-0.0383083990763792,0,1,0,0,0,1,0,0,0,1,0,0,0,1,0
"183","Kolo Habib Touré","Neil Sullivan","Arsenal","From Corner",0.035453092,0,110.7,40.4,1.00977503527236,0.462174818490462,0.139572700145895,0.0624203380882094,-0.0900628575793537,2,1,1,0,0,1,0,0,0,1,0,1,0,0,0
"184","Gilberto Aparecido da Silva","Neil Sullivan","Arsenal","From Throw In",0.0739615,0,100.8,53.7,2.55862468648932,1.71558153754558,2.012390276895,0.034386914146393,-0.0530194235041511,0,1,0,0,0,1,0,0,0,1,0,0,0,1,0
"185","Gilberto Aparecido da Silva","Neil Sullivan","Arsenal","From Free Kick",0.18137228,0,112,51.5,1.51965561322396,2.09145601234368,3.12690550847671,0.485960584656538,-0.0833728099843873,0,1,0,0,0,1,0,0,0,1,0,0,0,1,0
"186","Patrick Vieira","Neil Sullivan","Arsenal","From Corner",0.08822397,0,111.5,42.7,0.967460270018617,0.806977954764003,0.998690495736195,1.47882375028403,-0.0823509692748711,3,2,1,0,0,1,0,0,0,1,0,1,0,0,0
"187","Thierry Henry","Jussi Jääskeläinen","Arsenal","Regular Play",0.01142557,0,91.9,34.2,3.11247746385734,0.674255655569546,0.660931139022133,2.49956353148003,-0.0518395930267069,0,2,1,0,0,1,0,0,0,0,1,0,0,1,0
"188","Fredrik Ljungberg","Jussi Jääskeläinen","Arsenal","From Throw In",0.012882071,0,86.9,46.6,3.66129409807936,0.399664350994874,0.639069548039852,0.520915783399531,-0.0410268264786911,1,2,0,0,0,1,0,0,0,1,0,0,0,1,0
"189","Dennis Bergkamp","Jussi Jääskeläinen","Arsenal","From Throw In",0.21116275,1,99.9,47.7,2.33491726237318,2.15861663423652,1.18790512144654,0.242013870170583,-0.0643343410137566,0,1,0,0,0,1,0,0,0,1,0,0,0,1,0
"190","Fredrik Ljungberg","Jussi Jääskeläinen","Arsenal","Regular Play",0.070109926,0,108.9,45.3,1.33431942920336,0.936539389439791,1.44646303130045,1.90680497461922,-0.0781467088198551,0,1,0,0,0,1,0,0,0,1,0,1,0,0,0
"191","Gilberto Aparecido da Silva","Jussi Jääskeläinen","Arsenal","Regular Play",0.036043156,0,92.8,43.9,2.98076818267639,0.350528824071192,0.462420167674248,1.08162460703761,-0.0480215580024043,0,2,0,0,0,1,0,0,0,1,0,0,0,1,0
"192","Fredrik Ljungberg","Jussi Jääskeläinen","Arsenal","From Counter",0.35730493,1,106.5,45.6,1.5854448364158,1.48398673966715,1.27678561814221,0.805080114728644,-0.0481214110197098,0,1,0,0,0,1,0,0,0,1,0,0,0,0,1
"193","Robert Pirès ","Jussi Jääskeläinen","Arsenal","From Counter",0.35244408,1,109.5,37.7,1.16602141711781,1.1993871345246,0.700202720936163,0.638596534502944,-0.0689744749343959,2,2,0,1,0,1,0,1,0,0,0,0,0,1,0
"194","Thierry Henry","Jussi Jääskeläinen","Arsenal","From Free Kick",0.02556449,0,102.7,56.3,2.57843912812135,0.528929653061447,2.45362881904991,0.515853366010037,-0.0608656837538896,2,2,0,0,0,1,0,0,0,1,0,0,0,0,1
"195","Ray Parlour","Shaka Hislop","Arsenal","Regular Play",0.016823834,0,96.6,55.6,3.05075003357386,0.92230234844971,1.90928287057665,0.89801755415999,-0.0511489606680756,1,1,0,0,0,1,0,0,0,1,0,0,0,1,0
"196","Thierry Henry","Shaka Hislop","Arsenal","From Free Kick",0.021060819,0,82.6,30.7,4.18061453731342,0.431504344674026,0.791374797583123,0.833794167165843,-0.0109345084475714,5,1,0,0,1,0,0,0,0,1,0,0,0,1,0
"197","Thierry Henry","Shaka Hislop","Arsenal","Other",0.76,0,107.7,40,1.33427533331845,0.215203881304934,0,0,-0.0296646314646049,0,1,0,1,0,0,1,0,0,1,0,0,0,1,0
"198","Patrick Vieira","Shaka Hislop","Arsenal","From Throw In",0.019594813,0,88.8,46.7,3.46166163601553,0.574334325848041,0.686855190735427,0.157257821981313,-0.0383338491261814,0,1,0,0,0,1,0,0,0,1,0,0,0,1,0
"199","Dennis Bergkamp","Shaka Hislop","Arsenal","From Counter",0.059171405,1,105.4,46.6,1.73808174382716,0.737841878759771,1.37857854054972,1.12370136025236,-0.0730779025237125,1,1,0,0,0,1,0,1,0,0,0,0,0,0,1
"200","Thierry Henry","Shaka Hislop","Arsenal","Regular Play",0.029715339,0,94.4,47.1,2.88185378751617,0.374009744450398,0.87847361619626,0.278953114511669,-0.0467973577977695,1,2,0,0,0,1,0,0,0,1,0,0,0,1,0
"201","Ray Parlour","Shaka Hislop","Arsenal","Regular Play",0.040514223,1,99.6,54.6,2.72129806512334,0.465232237618889,2.01699993220791,1.29326007393359,-0.0582314064382934,0,1,0,0,0,1,0,0,0,1,0,0,0,1,0
"202","Dennis Bergkamp","Shaka Hislop","Arsenal","Regular Play",0.18028641,0,116.3,31,1.05558304082366,2.25686796264206,3.83396672606364,0.0818965953629161,-0.0781906001594013,0,1,1,0,0,1,0,0,0,1,0,0,0,1,0
"203","Dennis Bergkamp","Shaka Hislop","Arsenal","From Goal Kick",0.17819732,0,111.6,29.2,1.48420287352747,0.806977954764003,2.95402794211501,0.115002994887911,-0.0371717801537655,0,1,0,0,0,1,0,1,0,0,0,0,0,0,1
"204","Eduardo César Daude Gaspar","Shaka Hislop","Arsenal","From Free Kick",0.039753594,0,110.4,63.1,2.7136117762809,0.469277811483552,3.82156118802912,0.417618673794587,-0.0386825787744837,1,1,0,0,1,0,0,0,0,1,0,0,0,1,0
"205","Patrick Vieira","Shaka Hislop","Arsenal","From Corner",0.06505188,0,112.1,38.2,0.878936927227106,0.440178666378084,0.727419418405709,0.551537514990523,-0.0729874799007514,3,2,1,0,0,1,0,0,0,1,0,1,0,0,0
"206","Thierry Henry","Shaka Hislop","Arsenal","From Free Kick",0.08435909,0,94.8,39.6,2.73398162012704,0.28344025015326,0.0515363916428701,0.536750563512297,-0.0408022182528849,4,1,0,0,1,0,0,0,0,1,0,0,0,1,0
"207","Thierry Henry","Shaka Hislop","Arsenal","From Free Kick",0.09463678,0,111.8,38,0.915592657579483,0.247861308502087,0.776800635159621,0.962317275467348,-0.0866481233266506,0,1,1,0,0,1,0,0,0,1,0,1,0,0,0
"208","Ray Parlour","Shaka Hislop","Arsenal","From Corner",0.04769755,1,101.4,53.3,2.48044100417195,0.253516666760892,2.01564137491422,0.994587897846706,-0.0454965014009025,3,1,0,0,0,1,0,0,0,1,0,0,0,1,0
"209","Kolo Habib Touré","Shaka Hislop","Arsenal","From Corner",0.4232646,1,116.5,43.6,0.54466161405645,0.771040840689627,2.5959694409902,0.955966839114244,-0.0763636578954361,0,1,0,0,0,1,0,1,0,0,0,0,0,1,0
"210","Sulzeer Jeremiah ""Sol"" Campbell","Shaka Hislop","Arsenal","From Free Kick",0.16293365,0,113,37.2,0.817838178473157,0.262671823982315,1.23552906667877,1.95667025350875,-0.0776338567480258,1,2,1,0,0,1,0,0,0,1,0,1,0,0,0
"211","Thierry Henry","Shaka Hislop","Arsenal","From Throw In",0.1409315,0,111.8,39.5,0.891168977685601,1.20056860301122,0.197746955163454,0.296797889342139,-0.0854572422593959,1,2,1,0,0,1,0,0,0,1,0,1,0,0,0
"212","Thierry Henry","Antti Mikko Niemi","Arsenal","From Throw In",0.011963927,0,89,32.7,3.45478812187651,0.677053408896546,0.750950289131131,0.732334932493507,-0.00963195887356485,1,1,0,0,0,1,0,0,0,1,0,0,0,1,0
"213","Kolo Habib Touré","Antti Mikko Niemi","Arsenal","Regular Play",0.036280803,0,103,52.5,2.28898164394871,1.15236543145343,2.05871319430623,0.35071818086774,-0.0739433762076391,2,2,0,0,0,1,0,0,0,1,0,0,0,1,0
"214","Ray Parlour","Antti Mikko Niemi","Arsenal","From Throw In",0.014829985,0,90.9,51.2,3.38243392710592,0.608688495233532,1.19298508243829,1.10631944226222,-0.0454242328064034,1,2,1,0,0,1,0,0,0,1,0,0,0,1,0
"215","Thierry Henry","Antti Mikko Niemi","Arsenal","From Counter",0.030282678,0,99.2,23.3,2.89358972627416,0.783806278696257,2.19663119374744,0.141341663632851,-0.0467487196859636,0,1,0,0,0,1,0,0,0,1,0,0,0,0,1
"216","Dennis Bergkamp","Antti Mikko Niemi","Arsenal","From Corner",0.11373226,0,116.7,47.6,0.898794935623714,0.453921032763257,3.77033062157026,5.92340607715136,-0.0796046817335623,0,1,0,0,0,1,0,0,0,1,0,1,0,0,0
"217","Robert Pirès ","Antti Mikko Niemi","Arsenal","Regular Play",0.04548274,0,100.7,53.3,2.54259253976689,1.22858304574529,1.95923378122514,0.132579390314815,-0.0482564429160752,1,1,1,0,0,1,0,0,0,1,0,0,0,1,0
"218","Thierry Henry","Antti Mikko Niemi","Arsenal","From Goal Kick",0.0103733735,0,94,26.2,3.19307847919649,0.605574978676253,1.5844345185848,0.18456898417067,-0.0622574258157944,0,1,0,0,0,1,0,0,0,1,0,0,0,1,0
"219","Robert Pirès ","Antti Mikko Niemi","Arsenal","From Throw In",0.3242853,1,107.5,29.3,1.78491096776961,1.46055474268982,2.29881535188406,0.402091618597145,-0.0555791574629595,0,1,0,1,0,1,0,0,0,1,0,0,0,0,1
"220","Thierry Henry","Antti Mikko Niemi","Arsenal","From Throw In",0.030690491,0,98.8,27.4,2.67524495529994,0.481210507619627,1.74122924812371,0.192151497247637,-0.0502419132336992,0,1,0,0,0,1,0,0,0,1,0,0,0,1,0
"221","Thierry Henry","Antti Mikko Niemi","Arsenal","From Free Kick",0.030810686,0,88.1,50.2,3.63303035238571,0.223815414928514,1.00488697032165,1.5556847793005,-0.0438757026748553,3,1,0,0,1,0,0,0,0,1,0,0,0,1,0
"222","Fredrik Ljungberg","Antti Mikko Niemi","Arsenal","From Throw In",0.110069826,1,112.8,52.2,1.53671167948301,1.14784552822836,3.36928689105374,1.05560850609399,-0.0424205738153616,0,1,0,0,0,1,0,0,0,1,0,0,0,1,0
"223","Thierry Henry","Antti Mikko Niemi","Arsenal","From Free Kick",0.009911504,0,91.7,24.9,3.47958082971245,0.278393432634027,1.59151891348357,1.59015276814089,-0.0483105975064635,3,2,0,0,0,1,0,1,0,0,0,0,0,1,0
"224","Thierry Henry","Antti Mikko Niemi","Arsenal","From Goal Kick",0.021994784,0,95.1,29.5,2.93142712599608,0.436945976364589,1.29577697247533,1.28632861924693,-0.0456664903592086,0,2,1,0,0,1,0,0,0,1,0,0,0,1,0
"225","Eduardo César Daude Gaspar","Antti Mikko Niemi","Arsenal","From Throw In",0.013832978,0,89.5,51.7,3.54365183225756,0.245947292919922,1.18938286533155,0.969484947227573,-0.040047757868771,0,1,0,0,0,1,0,0,0,1,0,0,0,1,0
"226","Thierry Henry","Antti Mikko Niemi","Arsenal","Regular Play",0.0327227,0,99.5,24.9,2.7619445695503,1.52234222208767,2.06143293196806,0.474034172026947,0.0757078732878725,1,2,0,0,0,1,0,0,0,1,0,0,0,1,0
"227","Thierry Henry","Paul Robinson","Arsenal","From Free Kick",0.21526471,0,112.3,29.4,1.42122307393172,2.86178065279633,3.0605578226774,0.154172959504692,-0.0638288017256499,0,1,0,1,0,1,0,0,0,1,0,0,0,1,0
"228","Robert Pirès ","Paul Robinson","Arsenal","Regular Play",0.31957105,1,113.4,30,1.29974175371891,2.06233074694125,3.20622803220554,0.316881371701982,-0.0666852819968301,0,1,0,1,0,1,0,0,0,1,0,0,0,0,1
"229","Dennis Bergkamp","Paul Robinson","Arsenal","Regular Play",0.14835924,0,100.7,43.1,2.12045404481529,1.47119351181236,0.517132317764959,0.0792368252604327,-0.0568238082920269,1,1,0,0,0,1,0,0,0,1,0,0,0,1,0
"230","Thierry Henry","Paul Robinson","Arsenal","Regular Play",0.1910535,1,110.3,28.1,1.66540604667881,1.7339393169702,2.87982222699793,0.634826744529754,0.041492448793965,1,1,0,1,0,1,0,0,0,1,0,0,0,1,0
"231","Dennis Bergkamp","Paul Robinson","Arsenal","From Throw In",0.018269606,0,102.5,59.1,2.81009512893068,1.3817444997582,2.6920970404654,0.99975423111962,-0.0447268381273523,0,1,0,0,0,1,0,0,0,1,0,0,0,1,0
"232","Thierry Henry","Paul Robinson","Arsenal","From Free Kick",0.25292137,0,107.8,53.1,1.94187148213847,2.11772794816114,2.665698716924,0.150759315077516,-0.044393011024981,0,1,0,0,0,1,0,0,0,1,0,0,0,1,0
"233","Gilberto Aparecido da Silva","Paul Robinson","Arsenal","From Free Kick",0.0814242,1,107.3,43.3,1.42341552274629,0.137488716462752,0.825470716298289,0.554297890731797,-0.0674185659748897,1,2,0,1,0,1,0,1,0,0,0,0,0,0,1
"234","Ray Parlour","Paul Robinson","Arsenal","From Goal Kick",0.2451209,1,107.8,41.7,1.33621417564455,2.86095486121867,0.4495651293662,0.033249847708708,-0.0714009869927332,0,1,0,0,0,1,0,0,0,1,0,0,0,1,0
"235","Thierry Henry","Paul Robinson","Arsenal","From Goal Kick",0.45147735,1,111.7,32.1,1.24300452295511,1.95649873467921,2.47008098462554,1.6378385488822,-0.0711332777786961,1,1,0,0,0,1,0,0,0,1,0,0,0,1,0
"236","Jérémie Aliadière","Paul Robinson","Arsenal","Regular Play",0.35611,0,113.5,43.7,0.81133755114038,0.856412347877757,1.68031650474715,1.81601669346378,-0.0735957407928278,0,1,0,0,0,1,0,0,0,1,0,1,0,0,0
"237","Laureano Bisan-Etame Mayer","Paul Robinson","Arsenal","Regular Play",0.07521509,1,105.9,50.3,1.89417045411214,1.26497091137889,2.04857854100438,1.28926766255123,-0.0674981089456617,1,1,0,0,0,1,0,0,0,1,0,0,0,1,0
"238","Eduardo César Daude Gaspar","Paul Robinson","Arsenal","From Corner",0.11824179,0,114.1,43.1,0.722985559423101,0.717053416841749,1.57086240079307,1.44669915343863,-0.0825540215042644,3,1,0,0,0,1,0,0,0,1,0,1,0,0,0
"239","Gilberto Aparecido da Silva","Paul Robinson","Arsenal","Regular Play",0.05293875,1,101.1,47.5,2.20575410443502,1.13125729273437,1.22663301952734,1.18063981098024,-0.0728899884549611,1,1,0,0,0,1,0,0,0,1,0,0,0,0,1
"240","Fredrik Ljungberg","Mark Schwarzer","Arsenal","Regular Play",0.06425695,0,104.7,52.9,2.1709089349006,1.01499828567555,2.27455747980225,0.680455940297196,-0.0614570826641241,0,1,0,0,0,1,0,0,0,1,0,0,0,1,0
"241","Thierry Henry","Mark Schwarzer","Arsenal","From Counter",0.8797571,1,115.1,37.1,0.617656265326187,1.11738662492427,1.7352170274843,1.7796684192052,-0.0681394018286174,0,1,0,1,0,1,0,0,0,1,0,0,0,1,0
"242","Fredrik Ljungberg","Mark Schwarzer","Arsenal","From Corner",0.0140301585,1,98.1,52.8,2.7516788672383,0.564374015662113,1.71745647889596,0.0437671820192005,-0.0488739534426383,3,2,0,0,0,1,0,1,0,0,0,0,0,1,0
"243","Gilberto Aparecido da Silva","Mark Schwarzer","Arsenal","Regular Play",0.12615536,1,105.7,44.2,1.6167540375129,0.648532978490132,0.927598237066605,0.69576464668611,-0.0463894302871088,1,1,0,1,0,1,0,0,0,0,1,0,0,1,0
"244","Sulzeer Jeremiah ""Sol"" Campbell","Mark Schwarzer","Arsenal","From Corner",0.063093424,0,112.4,42.4,0.864560900063867,0.307434116149902,0.993208679895508,1.64472424070829,-0.060233478558369,3,1,0,0,0,1,0,0,0,1,0,1,0,0,0
"245","Thierry Henry","Mark Schwarzer","Arsenal","From Free Kick",0.016413992,0,97.5,54.4,2.89781602347111,1.03116537347063,1.84859712729807,0.279668768354685,-0.054119051480799,2,1,0,0,0,1,0,0,0,1,0,0,0,0,1
"246","Laureano Bisan-Etame Mayer","Mark Schwarzer","Arsenal","Regular Play",0.02404583,0,103.6,55.5,2.44787258131316,1.10846946960543,2.45865345144261,0.597106652412906,-0.0554225592006162,1,2,0,0,0,1,0,0,0,1,0,0,0,0,1
"247","Sylvain Wiltord","Mark Schwarzer","Arsenal","From Counter",0.33687192,1,112,37.5,0.909208548083362,0.717712170693905,0.983486956445786,1.19690515960876,-0.0727736490252178,0,1,0,1,0,1,0,0,0,0,1,0,0,1,0
"248","Thierry Henry","Mark Schwarzer","Arsenal","From Counter",0.30108938,0,107.2,51.9,1.89587810310832,2.30596081809336,2.43197734779875,0.196226497285807,-0.0632917752094044,0,1,0,0,0,1,0,0,0,1,0,0,0,0,1
"249","Thierry Henry","Mark Schwarzer","Arsenal","Regular Play",0.018930528,0,90.5,42.6,3.21249617004417,0.58331522248467,0.285444454591616,0.61891804565831,-0.0472504038298344,2,2,0,0,0,1,0,0,0,1,0,0,0,1,0
"250","Thierry Henry","Mark Schwarzer","Arsenal","Regular Play",0.03591606,0,105.3,43.8,1.64703971346796,0.804632083653252,0.821396199872264,0.365485242004206,-0.0729251369768489,0,1,0,0,0,1,0,0,0,1,0,1,0,0,0
"251","Thierry Henry","Mark Schwarzer","Arsenal","From Free Kick",0.016555816,0,102.8,55.3,2.49717856807032,0.725570567384663,2.36062653494953,0.552549551841672,-0.0502829716042084,1,2,0,0,0,1,0,1,0,0,0,0,0,1,0
"252","Sylvain Wiltord","Mark Schwarzer","Arsenal","From Free Kick",0.90684265,1,115.4,39.7,0.500057347715395,2.08874277096913,0.211465660266914,2.36132650852995,-0.067860749339419,0,0,0,1,0,1,0,0,0,1,0,0,0,1,0
"253","Dennis Bergkamp","Brad Friedel","Arsenal","Regular Play",0.22693571,0,111.5,47.4,1.22252937702777,1.17067423679974,2.32595677480669,0.878893438252453,-0.0666836596441583,1,1,1,1,0,1,0,0,0,1,0,0,0,1,0
"254","Dennis Bergkamp","Brad Friedel","Arsenal","From Throw In",0.016535418,0,88.6,39,3.40792573204814,0.283440250153258,0.103374784531459,2.3661978827698,-0.0456848354029336,2,2,0,0,0,1,0,0,0,1,0,0,0,1,0
"255","Robert Pirès ","Brad Friedel","Arsenal","From Throw In",0.045735445,0,106.5,38.8,1.47022262909523,0.374009744450398,0.287871440711526,0.202456140339748,-0.0693074626980491,0,1,0,0,0,1,0,0,0,1,0,1,0,0,0
"256","Patrick Vieira","Brad Friedel","Arsenal","Regular Play",0.10563295,1,104.8,36,1.70499843701245,0.935024361125994,0.835546914628078,1.33613211673702,-0.0513473904658147,0,1,0,0,0,1,0,1,0,0,0,0,0,0,1
"257","Thierry Henry","Brad Friedel","Arsenal","From Free Kick",0.011518389,0,85.1,40.7,3.78663210408631,0.413610301792521,0.0651186535545219,2.27099328403156,-0.0551135990060361,1,1,0,0,0,1,0,0,0,1,0,0,0,1,0
"258","Robert Pirès ","Brad Friedel","Arsenal","Regular Play",0.11785451,0,102.3,35.7,1.97590221139501,1.00517322656943,0.773843766282454,0.451498163034094,-0.067486341469358,1,2,0,0,0,1,0,0,0,1,0,0,0,1,0
"259","Fredrik Ljungberg","Brad Friedel","Arsenal","Regular Play",0.05762819,0,99.6,46.6,2.32587861100102,1.48843839191151,1.01601073017373,0.94061827584422,-0.0568213356922961,1,2,0,0,0,1,0,0,0,1,0,0,0,1,0
"260","Robert Pirès ","Brad Friedel","Arsenal","Regular Play",0.15126315,0,111.9,33.4,1.13342294705019,0.908362468014382,2.22004880468468,1.24095516437959,-0.0859617957701166,0,1,0,0,0,1,0,0,0,1,0,1,0,0,0
"261","Thierry Henry","Brad Friedel","Arsenal","From Counter",0.29637697,0,105.7,35.7,1.61984440976732,1.90906437068056,0.948462040826254,0.0833611328808908,-0.0598384044913815,0,1,1,0,0,1,0,0,0,1,0,0,0,1,0
"262","Fredrik Ljungberg","Brad Friedel","Arsenal","From Counter",0.16160503,1,102.7,45.3,1.9627564719246,1.95432363813719,0.965287308361695,0.104267861134019,-0.0456257041473433,0,2,0,0,0,1,0,0,0,1,0,0,0,1,0
"263","Fredrik Ljungberg","Brad Friedel","Arsenal","From Corner",0.01646572,0,106,56.5,2.34735750912729,1.17671386881968,2.81579837735842,0.325171027576532,-0.0258114346189755,3,3,0,0,0,1,0,0,0,1,0,0,0,1,0
"264","Thierry Henry","Brad Friedel","Arsenal","From Free Kick",0.21208495,0,116.4,35.5,0.625136394598547,0.468269694719894,2.90955037703611,0.714219139128434,-0.0880310973853588,0,1,1,0,0,1,0,0,0,1,0,1,0,0,0
"265","Thierry Henry","Brad Friedel","Arsenal","From Free Kick",0.065048434,0,97.6,29.8,2.66996138538561,0.730762551802381,1.38747097840908,4.61303085479873,-0.0611552881369405,4,4,0,0,1,0,0,0,0,1,0,0,0,1,0
"266","Thierry Henry","Brad Friedel","Arsenal","From Free Kick",0.18637274,1,104.2,33.8,1.84118276151055,0.179263354210437,1.21421384549661,0.440621997364179,-0.0489021910181907,0,1,0,0,0,1,0,0,0,1,0,0,0,1,0
"267","Robert Pirès ","Brad Friedel","Arsenal","From Counter",0.56204,1,113.6,42.9,0.762205203775441,0.399664350994874,1.38146276908101,3.0314288872971,-0.0807711443808709,0,1,0,0,0,1,0,0,0,1,0,0,0,1,0
"268","Thierry Henry","Jussi Jääskeläinen","Arsenal","From Throw In",0.011821863,0,92.1,25.7,3.40090901552189,0.526242440149516,1.53791733381589,1.56353673664648,-0.041746946738384,2,2,0,0,0,1,0,0,0,1,0,0,0,1,0
"269","Robert Pirès ","Jussi Jääskeläinen","Arsenal","From Throw In",0.025536556,0,94.3,44.9,2.83809593804052,0.671446244785537,0.61174808387079,0.237939757168286,0.0391154054010711,1,1,1,0,0,1,0,0,0,1,0,0,0,1,0
"270","Thierry Henry","Jussi Jääskeläinen","Arsenal","Regular Play",0.015248263,0,93.2,26.3,3.26503368864843,0.593753900562189,1.5344418882117,0.26909719761212,-0.0462219943601779,0,1,0,0,0,1,0,0,0,1,0,0,0,1,0
"271","Robert Pirès ","Jussi Jääskeläinen","Arsenal","Regular Play",0.05061619,0,99,30,2.52312622978855,0.443387787842172,1.44305821045694,0.380027157938194,-0.0490551873336924,0,1,0,1,0,1,0,0,0,1,0,0,0,1,0
"272","Thierry Henry","Jussi Jääskeläinen","Arsenal","Regular Play",0.021172326,0,102.7,19.6,2.9015495395791,0.591361329780389,2.8166398766488,1.88140446584398,-0.0385770885950515,2,2,0,0,0,1,0,0,0,1,0,0,0,1,0
"273","Thierry Henry","Jussi Jääskeläinen","Arsenal","From Free Kick",0.091814615,0,117,30.4,1.09105025770003,1.92533299899318,4.11699134385411,0.103394583563927,-0.0172950416611197,0,1,0,0,0,1,0,0,0,1,0,0,0,0,1
"274","Dennis Bergkamp","Jussi Jääskeläinen","Arsenal","Regular Play",0.48371932,1,112.8,43.8,0.883144148504593,0.374009744450398,1.57684666481485,1.72241761517282,-0.078539175472653,0,1,0,1,0,1,0,1,0,0,0,0,0,1,0
"275","Gilberto Aparecido da Silva","Jussi Jääskeläinen","Arsenal","From Throw In",0.02823421,0,98.2,46.1,2.45564789123867,0.28344025015326,0.885924591930333,1.30088996612091,-0.0485316768543574,0,2,0,0,0,1,0,0,0,1,0,0,0,1,0
"276","Thierry Henry","Jussi Jääskeläinen","Arsenal","From Free Kick",0.03691512,1,97.5,28.9,2.72160074145887,0.523541434598381,1.48813025838063,1.057487635155,-0.0356071103363671,0,1,0,0,0,1,0,1,0,0,0,0,0,1,0
"277","Robert Pirès ","Jussi Jääskeläinen","Arsenal","Regular Play",0.06519085,1,108,30.2,1.68066886594086,0.793394479592171,2.22365932803117,0.703305166740417,-0.0518217879919774,1,2,0,0,0,1,0,0,0,1,0,0,0,0,1
"278","Dennis Bergkamp","Jussi Jääskeläinen","Arsenal","From Free Kick",0.029919766,0,105.4,53.5,2.15706965892105,0.504229441057369,2.42319469890194,0.446844171557139,-0.0472844841122056,2,2,0,0,0,1,0,0,0,1,0,0,0,1,0
"279","Thierry Henry","Shay Given","Arsenal","Regular Play",0.1332327,1,100.2,43.5,2.18115658943728,1.26646438404941,0.568107526381871,0.205670087853897,-0.0463148371646474,1,1,0,0,0,1,0,0,0,1,0,0,0,1,0
"280","Thierry Henry","Shay Given","Arsenal","From Free Kick",0.017968886,0,95,19.1,3.53479108872478,1.2608547401266,2.26096401155716,0.235792780144599,-0.0425807276446013,1,1,0,0,0,1,0,0,0,1,0,0,0,1,0
"281","Gilberto Aparecido da Silva","Shay Given","Arsenal","From Free Kick",0.027060853,0,92.9,37.1,2.95652897816426,0.380275000141339,0.346154632214342,0.930549704244965,-0.0281708766056368,1,2,0,0,0,1,0,0,0,1,0,0,0,1,0
"282","Thierry Henry","Shay Given","Arsenal","From Throw In",0.0568847,0,103.8,25.3,2.37298465998382,1.05158647221358,2.39273825811537,0.457516175432786,-0.0634934945409319,0,1,0,0,0,1,0,0,0,1,0,0,0,0,1
"283","Thierry Henry","Shay Given","Arsenal","From Keeper",0.67490935,0,116.9,49.8,1.11500058841639,3.8429264518738,4.10568413941003,2.39455962143602,-0.0764247243854221,0,0,0,0,0,1,0,0,0,1,0,0,0,1,0
"284","Thierry Henry","Shay Given","Arsenal","From Corner",0.012588938,0,89.3,32.6,3.42564510567946,0.596929077750223,0.76802941375045,0.0768455535277118,-0.0371230307636746,1,1,0,0,0,1,0,0,0,1,0,0,0,1,0
"285","José Antonio Reyes Calderón","Shay Given","Arsenal","From Throw In",0.0083438745,0,93.1,55.2,3.35167912360088,0.59692907775022,1.67005924649408,0.232802916863525,-0.0403139316097188,2,3,0,0,0,1,0,0,0,1,0,0,0,1,0
"286","José Antonio Reyes Calderón","Shay Given","Arsenal","Regular Play",0.1294292,0,113.8,33.3,0.990241302955439,0.412466149388251,2.67603142774135,0.954123666337358,-0.0741753432210862,0,1,0,0,0,1,0,0,0,1,0,1,0,0,0
"287","Thierry Henry","Shay Given","Arsenal","Regular Play",0.028548012,0,96.6,24.7,3.03281913824239,0.856412347877755,1.88029198616644,0.560844246974853,-0.0350844852204715,1,1,0,0,0,1,0,0,0,1,0,0,0,1,0
"288","Kolo Habib Touré","Shay Given","Arsenal","From Corner",0.109583065,0,111.5,43,0.97780449794034,0.59692907775022,1.10170528664652,1.66536882368297,-0.0748982342344039,1,1,0,0,0,1,0,0,0,1,0,1,0,0,0
"289","Thierry Henry","Maik Taylor","Arsenal","From Throw In",0.017209705,0,89.4,44,3.34765673131181,0.564374015662115,0.422059867085647,3.14534996708277,-0.020477094110636,1,1,0,0,0,1,0,0,0,1,0,0,0,1,0
"290","Fredrik Ljungberg","Maik Taylor","Arsenal","Regular Play",0.63323927,1,109.3,41.2,1.167987685308,1.6478583339458,0.362641549138391,0.100918923503055,-0.061565053774492,0,1,0,1,0,1,0,0,0,1,0,0,0,1,0
"291","Dennis Bergkamp","Maik Taylor","Arsenal","From Free Kick",0.057945207,1,100.8,43.3,2.11331093925101,0.302787489338128,0.552689242113428,0.656423049654619,-0.0442284794383967,0,1,0,0,0,1,0,1,0,0,0,0,0,1,0
"292","Thierry Henry","Maik Taylor","Arsenal","From Goal Kick",0.15224703,0,113.4,28.2,1.46665660223291,1.42152960954882,3.44456570367849,0.35329072114149,-0.037791599749698,0,1,0,0,0,1,0,0,0,1,0,0,0,1,0
"293","Fredrik Ljungberg","Maik Taylor","Arsenal","Regular Play",0.063105404,0,115.8,51.1,1.28741561256624,2.41487492371473,3.92591981968457,0.0434410528394122,-0.0830867889286354,1,2,0,0,0,1,0,0,0,1,0,0,0,1,0
"294","Dennis Bergkamp","Maik Taylor","Arsenal","From Counter",0.42512512,0,104.1,44.3,1.78675597369255,3.93767779960978,0.857621802394352,0.119853084028115,-0.0762840041399183,0,1,0,1,0,1,0,0,1,0,0,0,0,1,0
"295","Robert Pirès ","Maik Taylor","Arsenal","Regular Play",0.3149496,0,112.6,35.7,0.928419300837324,1.26160413379759,1.70923039822653,0.77675021745629,-0.0833016685598022,0,1,1,1,0,1,0,0,0,1,0,0,0,1,0
"296","Fredrik Ljungberg","Jerzy Dudek","Arsenal","Regular Play",0.10286597,0,110.4,52.4,1.70112908883817,1.41720125076629,2.9612920582617,0.619266781520778,-0.0508674095279252,0,1,1,0,0,1,0,0,0,1,0,0,0,1,0
"297","Thierry Henry","Jerzy Dudek","Arsenal","From Corner",0.02481899,0,103.1,28.1,2.24215759005362,0.965362706302934,1.99207598578005,0.813673610025937,-0.0614675943759872,3,1,0,0,0,1,0,0,0,0,1,0,0,1,0
"298","Thierry Henry","Jerzy Dudek","Arsenal","Regular Play",0.31033337,0,104.3,30.3,2.00193474189927,2.83706892027984,1.79702310357374,0.0836252750675077,-0.0623119836419439,0,1,0,1,0,1,0,0,0,1,0,0,0,0,1
"299","Thierry Henry","Jerzy Dudek","Arsenal","From Throw In",0.019125048,0,91.3,26.1,3.45923024580104,0.717712170693903,1.46450945580079,1.64948843306089,-0.0242590557407474,1,1,0,0,0,1,0,0,0,1,0,0,0,1,0
"300","Laureano Bisan-Etame Mayer","Jerzy Dudek","Arsenal","From Kick Off",0.045333747,1,110.1,45.7,1.23921197552491,1.17067423679974,1.69627807375199,1.70317674832871,-0.0708915968188437,3,2,0,0,0,1,0,0,0,0,1,0,0,1,0
"301","Thierry Henry","Jerzy Dudek","Arsenal","From Kick Off",0.11584262,1,118.3,47.4,0.823644877370297,1.36141601963031,4.3672530170347,0.298182989878586,-0.0762986205546397,1,1,0,0,0,1,0,0,0,1,0,0,0,0,1
"302","Robert Pirès ","Jerzy Dudek","Arsenal","From Goal Kick",0.17595726,1,112.7,31.6,1.20722536366496,1.22047859292184,2.77736937348565,0.00359447685733146,-0.0830448416371414,0,1,0,1,0,1,0,1,0,0,0,0,0,0,1
"303","Thierry Henry","Jerzy Dudek","Arsenal","Regular Play",0.23815484,0,112.1,30,1.38244139331725,0.922814596391703,2.9294463617033,0.384663845904326,-0.000481909059147215,0,1,0,1,0,1,0,0,0,1,0,0,0,1,0
"304","Thierry Henry","Jerzy Dudek","Arsenal","From Goal Kick",0.01528529,0,89.5,28.7,3.52834354684085,0.528929653061447,1.15209915006964,1.57675096191976,-0.0512601335689409,1,1,0,0,0,1,0,0,0,1,0,0,0,1,0
"305","Thierry Henry","Jerzy Dudek","Arsenal","Regular Play",0.15411635,0,111.4,39.2,0.936935640577302,0.264464826530724,0.301185831838954,1.88713724638484,-0.0806847211919888,1,1,0,0,0,1,0,0,0,1,0,1,0,0,0
"306","Thierry Henry","Jerzy Dudek","Arsenal","Regular Play",0.3064395,0,111.6,41.2,0.920463547472601,1.79737248468891,0.46074900707322,0.217926042833273,-0.0362520812008237,0,2,0,0,0,1,0,0,0,1,0,0,0,1,0
"307","Thierry Henry","Jerzy Dudek","Arsenal","Regular Play",0.29256076,1,112.9,42.7,0.82400197466753,1.84716487120146,1.17996124656868,0.11021686131071,-0.0864550102651982,0,1,0,1,0,1,0,0,0,1,0,0,1,0,0
"308","Dennis Bergkamp","Jerzy Dudek","Arsenal","From Free Kick",0.033679344,0,91.5,34.5,3.14865661902305,0.556786865268049,0.619016982801182,0.797450930550932,-0.0179637326535409,1,1,0,0,0,1,0,0,0,1,0,0,0,1,0
"309","Fredrik Ljungberg","Jerzy Dudek","Arsenal","From Free Kick",0.033816308,0,117.9,24.7,1.67526894366938,0.995725900164013,4.6575701320137,0.0492137499868127,-0.0705173709830304,1,1,0,0,0,1,0,0,0,1,0,0,0,1,0
"310","Dennis Bergkamp","Jerzy Dudek","Arsenal","Regular Play",0.047206126,0,107.7,28.8,1.80454811998337,0.537790062631312,2.39835971762895,0.772192889789071,-0.0669733312732177,0,1,0,0,0,1,0,0,0,0,1,0,0,1,0
"311","Sylvain Wiltord","Paul Robinson","Arsenal","Regular Play",0.17805704,1,112.6,36.2,0.90238816975682,1.01126666169833,1.54040741410575,1.99938972525538,0.0215902835458909,0,1,0,0,0,1,0,0,0,0,1,0,0,0,1
"312","Robert Pirès ","Paul Robinson","Arsenal","From Free Kick",0.22699352,1,100.9,29.9,2.34377044244083,2.14698216891594,1.57943102553595,0.0584169407685031,-0.0481169427900712,0,1,0,1,0,1,0,0,0,1,0,0,0,1,0
"313","Thierry Henry","Paul Robinson","Arsenal","From Throw In",0.022239976,0,97.6,46,2.51555949642357,0.896316771052186,0.849800841218243,2.03444793342242,-0.0699071449745682,1,2,0,0,0,1,0,0,0,1,0,0,0,0,1
"314","Thierry Henry","Paul Robinson","Arsenal","From Throw In",0.4597988,0,109,45.5,1.33409893520381,2.23413876161831,1.50549407861158,0.359439484534352,-0.0743381700200759,0,1,1,1,0,1,0,0,0,1,0,0,0,0,1
"315","Patrick Vieira","Paul Robinson","Arsenal","From Corner",0.065781906,0,112,36,0.970253771057314,0.933506874011051,1.50549407861158,2.13387294607699,-0.0794301614895137,1,1,0,0,0,1,0,0,0,1,0,1,0,0,0
"316","Thierry Henry","Paul Robinson","Arsenal","From Corner",0.015691493,0,85.2,39.8,3.77508523724019,0.480227441204488,0.018661089572463,2.3339042400908,-0.0466586466489226,4,2,0,0,0,1,0,0,0,0,1,0,0,1,0
"317","Thierry Henry","Paul Robinson","Arsenal","From Counter",0.2958964,0,102.5,30.4,2.16523710657683,2.80507308337798,1.6292012557871,0.0619159291350916,-0.0660733773957501,0,1,0,1,0,1,0,0,0,1,0,0,0,1,0
"318","Sylvain Wiltord","Paul Robinson","Arsenal","From Goal Kick",0.26719236,0,104.8,36.9,1.68280300506101,1.50139944657743,0.653271259721296,0.0419249644674037,-0.0560260526373188,1,1,1,0,0,1,0,0,0,1,0,0,0,1,0
"319","Dennis Bergkamp","Paul Robinson","Arsenal","Regular Play",0.018011613,0,110.4,58.2,2.23211092297809,0.605574978676253,3.52440696148142,0.177752022929058,-0.0520602601942266,1,2,1,0,0,1,0,1,0,0,0,0,0,1,0
"320","Thierry Henry","Paul Robinson","Arsenal","Regular Play",0.35838363,0,111.3,33.9,1.15262309391628,1.85813342572137,1.98557062727152,0.181068101945699,-0.0766208179924231,0,1,0,1,0,1,0,0,0,1,0,0,0,1,0
"321","Thierry Henry","Paul Robinson","Arsenal","From Free Kick",0.0889227,0,98,14.6,3.64517252692542,0.0614868232299816,2.78275277990032,6.42574741115023,-0.0437149568744178,2,2,0,0,1,0,0,0,0,1,0,0,0,1,0
"322","José Antonio Reyes Calderón","Paul Robinson","Arsenal","From Counter",0.06621136,0,100.1,32.2,2.31860709510484,0.187004872225197,1.2129607744225,0.551598933106732,-0.0336436186021292,1,2,1,0,0,1,0,0,0,1,0,0,0,0,1
"323","Sulzeer Jeremiah ""Sol"" Campbell","Paul Robinson","Arsenal","From Corner",0.10517349,0,113.9,36.5,0.762899625829075,0.122973646459961,1.69142809179565,2.77877120801348,-0.0630197420185059,1,1,1,0,0,1,0,0,0,1,0,1,0,0,0
"324","Thierry Henry","Paul Robinson","Arsenal","From Counter",0.31565174,0,107.6,32.5,1.57202820337494,0.783806278696253,1.7663054195905,1.53701444368512,-0.0766109672923392,0,1,1,0,0,1,0,0,0,1,0,0,0,0,1
"325","José Antonio Reyes Calderón","Paul Robinson","Arsenal","Regular Play",0.034700844,1,95.2,35.6,2.7322594268096,0.290032765110868,0.570159222078814,1.94321009841414,-0.0611134815439288,0,1,0,0,0,1,0,0,0,0,1,0,0,1,0
"326","José Antonio Reyes Calderón","Paul Robinson","Arsenal","From Throw In",0.42755347,0,106.7,46.4,1.60110247188331,3.24266489245066,1.45629988324524,0.264811500743702,-0.0465880660664094,0,1,1,0,0,1,0,0,0,1,0,0,0,1,0
"327","Thierry Henry","David Seaman","Arsenal","From Corner",0.016447304,1,94.8,37.2,2.75045981023111,0.3209706403901,0.359311226886159,0.478528514016887,-0.0724104468550214,5,1,0,0,0,1,0,0,0,0,1,0,0,1,0
"328","Robert Pirès ","David Seaman","Arsenal","Regular Play",0.011902801,0,88.7,35.7,3.42724205105009,0.863008689348047,0.44330746308676,0.172615039843108,-0.0423626883025204,1,1,0,0,0,1,0,0,0,1,0,0,0,1,0
"329","Fredrik Ljungberg","David Seaman","Arsenal","Regular Play",0.0494476,0,107.4,55.4,2.15846030537091,0.886775575684343,2.8738697765906,0.258657202023429,-0.0417303304691706,0,1,0,0,0,1,0,0,0,1,0,0,0,1,0
"330","Sylvain Wiltord","David Seaman","Arsenal","From Corner",0.017476873,0,101.5,24.9,2.59045946398004,0.370199698636649,2.2227816953874,1.59177203109979,-0.0379960797497105,3,2,0,0,0,1,0,0,0,0,1,0,0,1,0
"331","Sylvain Wiltord","David Seaman","Arsenal","Regular Play",0.014798124,1,104.3,21.2,2.65699437966085,0.443387787842172,2.84122299197981,0.759639259781967,-0.0589573197015249,0,1,0,0,0,1,0,1,0,0,0,0,0,1,0
"332","Sylvain Wiltord","David Seaman","Arsenal","From Throw In",0.34743246,1,113.6,35.3,0.861356412691792,1.57483107242656,2.05677522656588,0.109350003156772,-0.0742301815788242,0,1,0,1,0,1,0,0,0,1,0,0,0,0,1
"333","Robert Pirès ","David Seaman","Arsenal","From Free Kick",0.017063126,1,101,53.2,2.50965848674056,0.742948111858141,1.9715690491991,1.42125403196501,-0.0688574202152949,2,2,0,0,0,1,0,0,0,0,1,0,0,0,1
"334","Fredrik Ljungberg","David Seaman","Arsenal","From Free Kick",0.13328499,1,114.7,48.3,1.06827099228576,2.10900699986306,3.25521377395397,0.0869910429536696,-0.0834970868857834,0,1,0,0,0,1,0,0,0,0,1,0,0,1,0
"335","Robert Pirès ","David Seaman","Arsenal","Regular Play",0.10363385,1,107.8,45.8,1.46537231424385,0.584933298332212,1.44099133273832,1.0354016062165,-0.0701968401332494,1,1,0,0,0,1,0,0,0,0,1,0,0,1,0
"336","Fredrik Ljungberg","David Seaman","Arsenal","From Keeper",0.46520737,1,108.1,37.2,1.32613673516583,3.6651768750496,0.750366494578899,0.246973174291687,-0.0555647719298577,1,1,0,1,0,1,0,0,0,1,0,0,0,1,0
"337","Thierry Henry","David Seaman","Arsenal","Regular Play",0.029281856,0,99.4,32.3,2.38564567965458,0.508894012558284,1.16149564456846,2.10238990675541,-0.0515341952367625,1,1,0,0,0,1,0,0,0,1,0,0,0,1,0
"338","Dennis Bergkamp","Ian Bennett","Arsenal","From Throw In",0.017185526,0,103.8,55.9,2.46234751792953,0.618699224082375,2.51989362863247,0.826853255486854,-0.0524547959814368,1,2,0,0,0,1,0,0,0,1,0,0,0,1,0
"339","José Antonio Reyes Calderón","Ian Bennett","Arsenal","Regular Play",0.031587742,0,100.2,30.5,2.38228915927314,0.549954865850999,1.45259341797727,2.41118430752368,-0.0651749489525022,1,2,0,0,0,1,0,0,0,1,0,0,0,1,0
"340","José Antonio Reyes Calderón","Ian Bennett","Arsenal","From Free Kick",0.043996442,1,103.5,45.5,1.88670080771273,0.530713569266097,1.04474507153837,0.389277394641487,-0.0571777438956006,0,1,0,0,0,1,0,0,0,0,1,0,0,0,1
"341","Thierry Henry","Ian Bennett","Arsenal","From Free Kick",0.023227867,0,84.6,29.9,3.99334870745197,0.646343215417393,0.902445583872926,0.861537644833377,-0.0374226042772663,2,2,0,0,1,0,0,0,0,1,0,0,0,1,0
"342","Thierry Henry","Ian Bennett","Arsenal","Regular Play",0.017431114,0,90.8,27.6,3.44132476577797,0.374009744450398,1.30395825079842,1.49998191564054,-0.0435572871287238,1,2,0,0,0,1,0,0,0,1,0,0,0,1,0
"343","Kolo Habib Touré","Ian Bennett","Arsenal","From Free Kick",0.05128316,0,118.3,30.7,1.02555869497331,0.496675014840889,4.51341027333169,2.67185326212371,-0.0618883788644706,0,1,0,0,0,1,0,0,0,1,0,1,0,0,0
"344","Thierry Henry","Ian Bennett","Arsenal","From Free Kick",0.04504806,0,91.2,43.1,3.14220320127763,0.380275000141339,0.348169986578153,0.93219245173696,-0.0619720446570986,4,1,0,0,1,0,0,0,0,1,0,0,0,1,0
"345","Thierry Henry","Ian Bennett","Arsenal","Regular Play",0.072366334,0,106.8,25.8,2.10312436593965,0.565210745573992,2.66869261023522,0.0965533049508673,-0.0708253935257609,0,1,0,0,0,1,0,0,0,1,0,0,0,0,1
"346","Dennis Bergkamp","Ian Bennett","Arsenal","From Free Kick",0.08153632,1,107.8,45.7,1.46074758390568,0.404366446292307,1.41921365098984,0.752801404498368,-0.079138197685151,0,1,0,0,0,1,0,0,0,0,1,0,0,1,0
"347","Dennis Bergkamp","Ian Bennett","Arsenal","From Corner",0.011425021,0,90.1,54,3.58142274172801,0.370199698636649,1.42191600803781,0.938973633487045,-0.0406572417170251,4,2,0,0,0,1,0,0,0,1,0,0,0,1,0
"348","Thierry Henry","Brad Friedel","Arsenal","From Free Kick",0.01691799,0,78.1,48.3,4.63353320610719,0.404366446292307,0.634992897233857,0.113570557786998,-0.0473088974443459,1,2,0,0,1,0,0,0,0,1,0,0,0,1,0
"349","Thierry Henry","Brad Friedel","Arsenal","From Free Kick",0.10752118,1,105.9,27.9,2.01552560610821,0.848094776090245,2.30285134623077,0.269499872087441,-0.0446742489301771,0,1,0,0,0,1,0,0,0,1,0,0,0,0,1
"350","Thierry Henry","Brad Friedel","Arsenal","From Free Kick",0.020433325,0,91.3,29.2,3.32644610831396,1.04391878681304,1.16866981858876,2.57539120108719,-0.0576306335662974,2,1,0,0,1,0,0,0,0,1,0,0,0,1,0
"351","Thierry Henry","Brad Friedel","Arsenal","From Corner",0.010005835,0,86.1,32.1,3.77592676663565,0.500466482192474,0.743422624698882,0.115408780205262,-0.039304358182252,1,1,0,0,0,1,0,0,0,1,0,0,0,1,0
"352","Robert Pirès ","Brad Friedel","Arsenal","From Free Kick",0.041013766,0,96,31.1,2.77671051215331,0.440178666378086,1.15307416275233,0.381181083341411,-0.0455399452354217,1,2,1,0,0,1,0,0,0,1,0,0,0,1,0
"353","Thierry Henry","Brad Friedel","Arsenal","From Throw In",0.14107776,0,111.3,40,0.943755723566708,0.496675014840889,0,1.00709945209552,-0.075128684761427,0,1,0,0,0,1,0,0,0,1,0,1,0,0,0
"354","Thierry Henry","Brad Friedel","Arsenal","From Free Kick",0.040865168,0,95.5,33.2,2.75817140490858,0.627045022957004,0.879098532534677,0.194113549366257,-0.0434091386523764,1,1,1,0,0,1,0,0,0,1,0,0,0,0,1
"355","Robert Pirès ","Brad Friedel","Arsenal","From Goal Kick",0.05957562,0,101.9,51.6,2.33206806392035,0.965362706302933,1.85063258563325,0.211554560630567,-0.0435031060250214,1,1,0,0,0,1,0,0,0,1,0,0,0,1,0
"356","Thierry Henry","Brad Friedel","Arsenal","From Free Kick",0.054794405,0,91.8,32.4,3.16821657315683,0.610239296460919,0.854786881399098,2.96422298238708,-0.0490759350006804,5,1,0,1,1,0,0,0,0,1,0,0,0,1,0
"357","Robert Pirès ","Brad Friedel","Arsenal","From Free Kick",0.03448093,0,99.1,26.1,2.72281111033638,0.614868232299807,1.9056949545402,0.149814390179029,-0.0459063795980043,1,2,1,0,0,1,0,0,0,1,0,0,0,1,0
"358","Thierry Henry","Brad Friedel","Arsenal","Regular Play",0.101212285,1,108.6,52.8,1.8593718069476,0.984269420266597,2.73787676513703,0.139933899691704,-0.0481357393439922,0,1,1,0,0,1,0,0,0,1,0,0,0,1,0
"359","Robert Pirès ","Brad Friedel","Arsenal","Regular Play",0.3669983,1,112.3,37.4,0.881610505804395,0.677053408896547,1.05737950324069,3.19596800865703,-0.0690326093876934,1,2,0,1,0,1,0,1,0,0,0,0,0,1,0
"360","Sylvain Wiltord","Richard Wright","Arsenal","Regular Play",0.022911126,0,91.5,37.1,3.10757757501067,0.606354856628093,0.329269845040745,1.13893946450789,-0.0654733742265434,1,2,0,0,0,1,0,0,0,1,0,0,0,0,1
"361","Thierry Henry","Richard Wright","Arsenal","From Free Kick",0.077934556,0,92.5,11.9,4.26506275589046,0.725570567384663,2.58527806345024,0.426554061577368,-0.0373668714936128,4,1,0,0,1,0,0,0,0,1,0,0,0,1,0
"362","Thierry Henry","Richard Wright","Arsenal","From Free Kick",0.12726969,0,99,47.7,2.42633775965894,0.500466482192476,1.14116420760038,3.12392475910608,-0.068552551459865,3,1,0,0,1,0,0,0,0,1,0,0,0,1,0
"363","Kolo Habib Touré","Richard Wright","Arsenal","From Corner",0.043405376,0,114.5,46,0.882944259223258,0.591361329780389,2.69132704632889,2.60822723922156,-0.0753441872952273,2,2,1,0,0,1,0,0,0,1,0,1,0,0,0
"364","Robert Pirès ","Richard Wright","Arsenal","From Throw In",0.0466182,0,98.4,44.7,2.39794543987562,0.62250663985919,0.695693100669991,1.50134247142533,-0.0780263441978805,2,3,1,0,0,1,0,0,0,1,0,0,0,1,0
"365","Thierry Henry","Richard Wright","Arsenal","Other",0.76,0,107.9,39.7,1.31298316681309,0.350528824071192,0.080489262223032,0.770306633230464,-0.0660060678340338,0,1,0,1,0,0,1,0,0,1,0,0,0,1,0
"366","Robert Pirès ","Richard Wright","Arsenal","Regular Play",0.10321892,0,107.9,37.8,1.33409893520381,0.591361329780389,0.583996064465145,0.0615408781594098,-0.0765878756598719,1,2,0,0,0,1,0,0,0,1,0,1,0,0,0
"367","Martin Keown","Richard Wright","Arsenal","From Corner",0.05097726,0,115.8,47.3,0.913598390508646,0.756187940545126,3.40521271960349,0.154685778689712,0.226405378951167,2,1,1,0,0,1,0,0,0,1,0,1,0,0,0
"368","Patrick Vieira","Richard Wright","Arsenal","From Corner",0.22358908,0,115.2,42.6,0.592172830889323,0.399664350994876,1.61191711383938,1.79867449780763,-0.0827988283443205,5,2,0,0,0,1,0,0,0,1,0,1,0,0,0
"369","Patrick Vieira","Richard Wright","Arsenal","From Goal Kick",0.019308934,0,92.4,30.1,3.18076430824485,0.480227441204488,1.11829060666196,3.23022980137103,-0.0619783744987724,1,1,0,0,0,1,0,0,0,1,0,0,0,1,0
"370","Thierry Henry","Richard Wright","Arsenal","From Goal Kick",0.027396759,0,93.6,50.2,3.07012885841336,0.618699224082375,1.19717968449414,0.251311981047523,-0.0435100702167299,1,2,1,0,0,1,0,0,0,1,0,0,0,1,0
"371","Patrick Vieira","Richard Wright","Arsenal","From Goal Kick",0.42920002,1,111.8,33.7,1.12173463450716,1.52172123808383,2.12717199493612,0.344848787216943,-0.0646847740091406,0,1,0,0,0,1,0,1,0,0,0,0,0,0,1
"372","Robert Pirès ","Richard Wright","Arsenal","From Goal Kick",0.47650558,1,114.4,43.6,0.722171294540997,0.639728955024344,1.85517012506991,3.13902855996968,-0.0850795557648595,1,1,1,1,0,1,0,0,0,1,0,0,0,1,0
"373","Fredrik Ljungberg","Richard Wright","Arsenal","From Free Kick",0.03677693,0,96.7,24.8,3.01780508989482,0.543906474468811,1.87691041043796,3.71445321177719,-0.0567832236325437,3,2,0,0,1,0,0,0,0,1,0,0,0,1,0
"374","Thierry Henry","Michael Oakes","Arsenal","From Throw In",0.0986956,0,107.6,28.7,1.81987254162766,2.0042252294458,2.39963955555463,0.0496129010981911,-0.0398606959341369,1,2,0,0,0,1,0,1,0,0,0,0,0,0,1
"375","Thierry Henry","Michael Oakes","Arsenal","From Free Kick",0.04197913,0,99.3,57.4,2.93341349382102,0.350528824071196,2.26969741557681,3.59967249923433,-0.0397510689596973,3,3,0,0,1,0,0,0,0,1,0,0,0,1,0
"376","Fredrik Ljungberg","Michael Oakes","Arsenal","From Throw In",0.061366677,0,107.9,42.7,1.34486062867388,0.536910601597009,0.712873180219013,4.12691982958721,-0.0749476910019344,0,1,0,0,0,1,0,0,0,1,0,1,0,0,0
"377","Thierry Henry","Michael Oakes","Arsenal","Regular Play",0.39980355,1,107.6,36.3,1.40372786747031,2.58482443538906,0.941572350875116,0.473739839844456,-0.0640976942761935,1,1,0,1,0,1,0,0,0,1,0,0,0,1,0
"378","Dennis Bergkamp","Michael Oakes","Arsenal","Regular Play",0.030258251,0,100.5,25.3,2.64903268203425,0.3209706403901,2.09746817452759,0.938270942050311,-0.0637728955904446,1,1,0,0,0,1,0,0,0,1,0,0,0,1,0
"379","Thierry Henry","Michael Oakes","Arsenal","From Free Kick",0.021094149,0,81.4,40.5,4.18758931094871,0.587352054198319,0.0420580795945781,2.01504039848055,0.0866068579829435,3,4,0,0,1,0,0,0,0,1,0,0,0,1,0
"380","Ray Parlour","Michael Oakes","Arsenal","Regular Play",0.018474579,0,87,35.8,3.60863974317349,0.577616262996672,0.411052908111751,0.829090867104119,-0.0353831506154457,1,1,0,0,0,1,0,0,0,1,0,0,0,1,0
"381","Dennis Bergkamp","Michael Oakes","Arsenal","From Counter",0.09502931,0,111.1,28.9,1.54335934575521,1.75668402764535,2.90598609160214,0.271020637633536,-0.0366471166596965,1,2,0,0,0,1,0,0,0,1,0,0,0,1,0
"382","Robert Pirès ","Michael Oakes","Arsenal","From Corner",0.024352182,0,100.7,27.7,2.48264602019659,0.440178666378083,1.84238311319286,1.51125667482285,-0.0701771494190357,2,1,0,0,0,1,0,0,0,1,0,0,0,1,0
"383","Dennis Bergkamp","Michael Oakes","Arsenal","Regular Play",0.06961256,0,101.6,39,1.99893470578083,0.247861308502087,0.176297502764674,0.472837592692854,-0.0709718181870187,1,2,0,0,0,1,0,0,0,1,0,0,0,1,0
"384","Sulzeer Jeremiah ""Sol"" Campbell","Michael Oakes","Arsenal","From Corner",0.05926802,0,105.8,39,1.54419781737173,0.753684000092189,0.228289682431042,3.79993667548571,-0.0743889870970624,4,2,0,0,0,1,0,1,0,0,0,0,0,1,0
"385","Sulzeer Jeremiah ""Sol"" Campbell","Michael Oakes","Arsenal","From Corner",0.063088514,1,110.5,45.4,1.18538846019862,0.984269420266597,1.67833004632954,2.12100345506375,-0.08004986914575,2,2,0,0,0,1,0,1,0,0,0,0,0,0,1
"386","Dennis Bergkamp","Michael Oakes","Arsenal","From Free Kick",0.052453496,1,108.1,52.6,1.88004663923523,1.28130337171756,2.64298721334478,0.605467193342926,-0.0519305627788312,1,2,0,0,0,1,0,0,0,1,0,0,0,1,0
"387","Jérémie Aliadière","Michael Oakes","Arsenal","From Free Kick",0.051890623,1,116.3,27.3,1.43494267610378,1.01406666704357,4.17996216254763,0.101933846990201,-0.086291104578125,0,1,0,0,0,1,0,0,0,1,0,0,0,0,1
"388","Eduardo César Daude Gaspar","Michael Oakes","Arsenal","From Counter",0.026706755,0,92.5,41.9,2.99024751077874,0.380275000141339,0.223986744139586,0.830968709785252,0.0545967026969798,1,2,0,0,0,1,0,0,0,1,0,0,0,1,0
"389","Thierry Henry","Michael Oakes","Arsenal","From Counter",0.1411635,0,108.7,26.9,1.87669503186155,0.977040905646233,2.78934364210259,0.768457867888292,-0.0561762505514741,0,1,0,1,0,1,0,0,0,1,0,0,0,0,1
"390","Thierry Henry","Dean Kiely","Arsenal","From Free Kick",0.061214156,0,91.1,35.9,3.16639608984214,0.370199698636649,0.457602626919896,2.29622873732046,-0.0435682525937051,6,2,0,0,1,0,0,0,0,1,0,0,0,1,0
"391","Fredrik Ljungberg","Dean Kiely","Arsenal","Regular Play",0.012752354,0,99.7,58.4,2.97207038576513,0.343721791156875,2.39095040572424,0.721749577520467,-0.0518163338452998,0,1,0,0,0,1,0,0,0,1,0,0,0,0,1
"392","Ashley Cole","Dean Kiely","Arsenal","From Corner",0.03691522,0,105.5,26.3,2.16395957620821,0.827220603585039,2.45814852070489,0.214237957733817,-0.01355608974238,3,2,1,0,0,1,0,0,0,1,0,0,0,0,1
"393","Thierry Henry","Dean Kiely","Arsenal","Regular Play",0.032203477,0,100.1,54,2.63939790253468,0.738482088753327,1.99072010961808,1.73288457973286,-0.0429511994089127,0,1,0,0,0,1,0,0,0,1,0,0,0,0,1
"394","Thierry Henry","Dean Kiely","Arsenal","From Free Kick",0.07138596,0,97.5,30.9,2.63281359839293,0.593753900562189,1.2479508321513,4.19305499578902,-0.0437160962964043,8,2,0,1,1,0,0,0,0,1,0,0,0,1,0
"395","Thierry Henry","Dean Kiely","Arsenal","From Free Kick",0.051719114,0,99.1,58.1,2.99920648528786,0.316522795260066,2.3175158203589,0.546888880631996,-0.0465953013417083,3,1,0,0,1,0,0,0,0,1,0,0,0,1,0
"396","Dennis Bergkamp","Dean Kiely","Arsenal","Regular Play",0.013291143,0,92.6,50,3.16405392934106,0.917164133826966,1.13628664531591,0.299329524435561,-0.0508396544261928,2,3,0,0,0,1,0,0,0,1,0,0,0,1,0
"397","Ray Parlour","Dean Kiely","Arsenal","From Throw In",0.009004557,0,82.9,45.8,4.07340509551413,0.58735205419832,0.503551532148787,0.688034325328566,-0.04920992198706,1,2,0,0,0,1,0,0,0,1,0,0,0,1,0
"398","Thierry Henry","Dean Kiely","Arsenal","Regular Play",0.02488646,0,95.2,29,2.9430053677319,1.05651826272792,1.35557128495161,0.718492062320641,-0.0414889492581599,1,2,0,0,0,1,0,0,0,1,0,0,0,1,0
"399","Nwankwo Christian Kanu","Dean Kiely","Arsenal","From Counter",0.089410804,0,117.8,50.1,1.12131494142933,1.33936875615684,4.40407468206258,0.140532585599803,-0.0482874563791302,0,1,1,0,0,1,0,0,0,1,0,0,0,1,0
"400","Thierry Henry","Dean Kiely","Arsenal","From Free Kick",0.016610796,0,87,47,3.65941342418011,0.388876814989781,0.678711151701963,0.298360087234961,-0.051452844237794,4,2,0,0,1,0,0,0,0,1,0,0,0,1,0
"401","Thierry Henry","Shay Given","Arsenal","Regular Play",0.09334736,1,116.4,45.3,0.69501939909348,1.04572800617184,3.16308301237601,0.456471724104585,-0.0886880546713992,1,2,0,0,0,1,0,0,0,1,0,0,0,1,0
"402","Ray Parlour","Shay Given","Arsenal","From Throw In",0.014193849,0,95.7,56.7,3.19849126062305,1.22973646459962,1.95509919006605,0.109544209678099,-0.0396402053940758,1,1,0,0,0,1,0,0,0,1,0,0,0,1,0
"403","Thierry Henry","Shay Given","Arsenal","From Throw In",0.02679691,0,104.3,47,1.86471188940929,1.42119712688504,1.36183759246762,0.684746392186376,21.1197755568438,1,2,0,0,0,1,0,0,0,0,1,0,0,1,0
"404","Thierry Henry","Shay Given","Arsenal","Regular Play",0.029262168,0,99,25.4,2.77448472573051,1.099909731702,1.97266654977737,0.380799733841867,-0.0527019733881642,0,1,0,0,0,1,0,0,0,1,0,0,0,1,0
"405","Sylvain Wiltord","Shay Given","Arsenal","From Throw In",0.17958675,1,113.6,46.1,0.959092294595624,0.904190861729617,2.47232453943004,1.31912009880684,-0.0769354093038464,2,1,0,0,0,1,0,0,0,1,0,0,0,1,0
"406","Fredrik Ljungberg","Shay Given","Arsenal","From Throw In",0.08593942,0,103,39.4,1.84526860900186,0.618699224082375,0.114554755725254,1.32052764878643,-0.0590698145662344,4,1,0,0,0,1,0,0,0,1,0,0,0,0,1
"407","Thierry Henry","Shay Given","Arsenal","From Throw In",0.39777723,1,117.8,35.2,0.572778530077247,0.283440250153258,3.70501210176816,6.59873699831992,-0.0841461836148034,0,1,0,1,0,1,0,1,0,0,0,0,0,0,1
"408","Thierry Henry","Shay Given","Arsenal","From Throw In",0.026539246,0,94.2,35.7,2.83732878140046,0.957498113312428,0.536248545472005,0.692445237491334,-0.0467133589317506,1,1,1,0,0,1,0,0,0,1,0,0,0,1,0
"409","Fredrik Ljungberg","Shay Given","Arsenal","From Counter",0.26450235,1,106.9,26.5,2.04059154314257,4.57839490211446,2.59906352030895,0.161469608106602,-0.0659145352390121,0,1,0,0,0,1,0,0,1,0,0,0,0,0,1
"410","Eduardo César Daude Gaspar","Shay Given","Arsenal","From Free Kick",0.034299284,0,93.6,58.2,3.47839698240083,0.247861308502087,1.95983862587451,1.26836104259047,-0.0239843501139879,4,1,0,0,1,0,0,0,0,1,0,0,0,1,0
"411","Thierry Henry","Shay Given","Arsenal","From Throw In",0.022162363,0,91.7,35.3,3.11196702484722,0.480227441204488,0.534387763249054,1.4031999492733,-0.0341870456269969,1,1,0,0,0,1,0,0,0,1,0,0,0,0,1
"412","Gilberto Aparecido da Silva","Shay Given","Arsenal","From Free Kick",0.21590783,0,114.3,40.4,0.619843339231708,0.3852138434213,0.227491289200388,2.65041112720314,-0.0859341938545602,1,1,0,1,0,1,0,0,0,1,0,1,0,0,0
"413","Thierry Henry","Shay Given","Arsenal","From Free Kick",0.10264165,0,113.6,37.7,0.737727910433498,0.358526708420873,1.12024460993715,1.8140049032705,-0.0722509115957277,1,2,1,0,0,1,0,0,0,1,0,1,0,0,0
"414","Sylvain Wiltord","Shay Given","Arsenal","From Free Kick",0.01162514,1,87.4,59.9,4.14317957995225,0.813975004387627,1.77956370225817,2.20408186161284,-0.0476056930941412,2,1,0,0,0,1,0,0,0,0,1,0,0,1,0
"415","Fredrik Ljungberg","Tim Howard","Arsenal","From Throw In",0.032979507,0,106.4,45.1,1.57561714282666,1.05651826272792,1.16495180647188,0.563115084544054,-0.0830625114329854,0,1,0,0,0,1,0,0,0,1,0,1,0,0,0
"416","Ashley Cole","Tim Howard","Arsenal","Regular Play",0.07767515,0,96.3,30.6,2.7657551337341,2.34134847359948,1.22606932553361,0.367853079874885,-0.0461219336028323,1,1,0,0,0,1,0,0,0,1,0,0,0,1,0
"417","Dennis Bergkamp","Tim Howard","Arsenal","Regular Play",0.03262175,1,98.1,32.5,2.51111160863388,0.526242440149516,1.07135976512905,0.56332665134052,-0.0747129422334203,1,1,0,0,0,1,0,1,0,0,0,0,0,1,0
"418","Gilberto Aparecido da Silva","Tim Howard","Arsenal","From Throw In",0.016117211,0,89.6,40.2,3.29779251513023,0.428206173938877,0.0213619637409604,0.989224223834296,-0.0620337432878693,2,2,1,0,0,1,0,0,0,1,0,0,0,1,0
"419","Thierry Henry","Tim Howard","Arsenal","From Corner",0.04347104,1,98.8,65.3,3.58063409198497,0.443387787842172,2.83580104693791,0.755219745884436,-0.0620078512911772,1,2,0,0,0,1,0,1,0,0,0,0,0,1,0
"420","Thierry Henry","Tim Howard","Arsenal","From Free Kick",0.017038329,0,104.2,30,2.02838738851501,0.804632083653254,1.83221567540322,0.513756426665732,-0.0694844358887326,1,1,1,0,0,1,0,0,0,1,0,1,0,0,0
"421","Eduardo César Daude Gaspar","Tim Howard","Arsenal","From Free Kick",0.015504703,0,80.9,47.6,4.32085771105508,0.347821997276302,0.623370179404686,2.58685959169802,-0.0457935118544928,2,1,0,0,1,0,0,0,0,1,0,0,0,1,0
"422","José Antonio Reyes Calderón","Edwin van der Sar","Arsenal","From Throw In",0.05340362,0,108,46.2,1.46521169909412,0.583315222484669,1.54849905180301,2.04368657443053,-0.0187556850024446,2,2,0,0,0,1,0,0,0,1,0,0,0,0,1
"423","Ashley Cole","Edwin van der Sar","Arsenal","Regular Play",0.055672225,0,115.4,28.1,1.38397271348393,0.839131832019202,3.90275905693161,0.587002667310358,-0.0751657427873694,0,1,0,0,0,1,0,0,0,1,0,1,0,0,0
"424","Thierry Henry","Edwin van der Sar","Arsenal","Regular Play",0.020563982,0,100.5,18.1,3.18093078375373,0.3852138434213,2.73826438186368,0.603839926126913,-0.0543287285789115,1,1,0,0,0,1,0,0,0,1,0,0,0,1,0
"425","Fredrik Ljungberg","Edwin van der Sar","Arsenal","From Goal Kick",0.046621114,0,99.2,52.8,2.64934361439791,1.17470410839664,1.79125977037414,0.716638627364602,-0.064600825590515,1,1,0,0,0,1,0,0,0,1,0,0,0,0,1
"426","José Antonio Reyes Calderón","Edwin van der Sar","Arsenal","Regular Play",0.02356755,0,102.3,54.3,2.46838547092612,0.77775362997956,2.20652797986096,1.50731669792769,-0.0646044997516393,1,2,0,0,0,1,0,0,0,1,0,0,0,1,0
"427","Gaël Clichy","Edwin van der Sar","Arsenal","Regular Play",0.104443416,0,101.9,30.2,2.23276980982509,1.18671161746053,1.61133913852784,0.37603498268597,-0.0571842167106171,0,1,1,0,0,1,0,0,0,1,0,0,0,1,0
"428","Thierry Henry","Edwin van der Sar","Arsenal","From Free Kick",0.055180646,0,93.9,29.7,3.04376046398933,0.671446244785539,1.22048651556149,4.41573387767238,-0.0492957600338276,4,1,0,0,1,0,0,0,0,1,0,0,0,1,0
"429","Thierry Henry","Edwin van der Sar","Arsenal","From Keeper",0.07717468,0,58,77.7,7.87139114595656,14.9723255305041,1.7739633598686,1.42968171924815,-0.0613837428064182,1,1,0,0,0,1,0,0,0,1,0,0,0,1,0
"430","Robert Pirès ","Dean Kiely","Arsenal","From Throw In",0.6542711,1,115.3,37.5,0.577484415983579,0.393707768106638,1.58733553342767,3.07972281650559,-0.0791595760507335,0,1,0,1,0,1,0,0,0,1,0,0,0,1,0
"431","Thierry Henry","Dean Kiely","Arsenal","Regular Play",0.28175247,0,113.4,38.6,0.731882684836021,0.799328701989749,0.678711151701963,2.55934556456546,-0.0843131804416738,2,2,1,1,0,1,0,0,0,1,0,0,0,0,1
"432","Ashley Cole","Dean Kiely","Arsenal","From Throw In",0.022240577,0,109.3,18.2,2.6343104610253,0.701731418262475,3.61890323901682,0.123237134384568,-0.0720097743014936,0,1,1,0,0,1,0,0,0,1,0,0,0,1,0
"433","Ashley Cole","Dean Kiely","Arsenal","From Throw In",0.058210675,0,106.8,32.3,1.65772194049546,0.590561652159959,1.71469223552187,0.973947932188718,-0.0605973596701478,2,2,0,0,0,1,0,0,0,1,0,0,0,1,0
"434","Dennis Bergkamp","Dean Kiely","Arsenal","Regular Play",0.077926315,0,103.7,50.2,2.08584816306874,0.469277811483552,1.81559847548844,0.019838866803207,-0.0748634446528423,1,1,0,0,0,1,0,0,0,1,0,0,0,1,0
"435","Eduardo César Daude Gaspar","Dean Kiely","Arsenal","Regular Play",0.010308976,0,86.7,25,3.9618712152418,0.759306254560384,1.37425045438654,0.346931445947154,-0.0550036032554228,0,1,0,0,0,1,0,0,0,1,0,0,0,1,0
"436","Dennis Bergkamp","Dean Kiely","Arsenal","Regular Play",0.038181163,0,100.8,26.4,2.55233917639026,0.428206173938877,2.00115642117897,0.659362776050136,-0.0351471685646439,1,2,1,0,0,1,0,0,0,1,0,0,0,1,0
"437","Dennis Bergkamp","Dean Kiely","Arsenal","From Corner",0.01843161,1,100.2,40,2.14785785363458,0.461151174224856,0,1.7031767483287,-0.0615935573622082,4,2,0,0,0,1,0,0,0,0,1,0,0,1,0
"438","Eduardo César Daude Gaspar","Dean Kiely","Arsenal","Regular Play",0.028465373,0,93.4,39,2.88754433937949,0.508894012558284,0.122012666524003,1.05618180714675,-0.0538706641890368,1,1,0,0,0,1,0,0,0,1,0,0,0,1,0
"439","Fredrik Ljungberg","Dean Kiely","Arsenal","Regular Play",0.10951795,0,107.3,51.4,1.85128513048398,0.848094776090245,2.37525583483929,0.210481818386036,-0.05838760468842,1,1,0,0,0,1,0,0,0,1,0,0,0,0,1
"440","Patrick Vieira","Dean Kiely","Arsenal","Regular Play",0.03590704,0,95,45.3,2.77221470492927,0.783806278696255,0.678334505684107,2.77855171345111,-0.0430305301934339,0,1,0,0,0,1,0,0,0,1,0,0,0,1,0
"441","Robert Pirès ","Dean Kiely","Arsenal","Regular Play",0.03936229,0,100.3,28.2,2.49104507154559,0.580065530221738,1.75235243308718,1.2506465845266,-0.0647528629572636,1,1,1,0,0,1,0,0,0,1,0,0,0,1,0
"442","Thierry Henry","Dean Kiely","Arsenal","From Free Kick",0.07555854,0,107.8,42.3,1.34674054464881,0.434777496595381,0.605050227620817,0.868749958420243,-0.0593652049447903,1,2,0,0,0,1,0,1,0,0,0,0,0,1,0
"443","Dennis Bergkamp","Dean Kiely","Arsenal","From Corner",0.016069802,0,93.9,41.2,2.83425807835645,0.461151174224856,0.149185299180199,1.82478006557721,-0.0571410038155024,3,3,0,0,0,1,0,0,0,1,0,0,0,1,0
"444","Thierry Henry","Dean Kiely","Arsenal","From Goal Kick",0.023159137,0,92.6,28.7,3.21513245534192,0.744219195955758,1.27011429425518,0.733494407160289,-0.056720663446897,0,1,0,0,0,1,0,0,0,1,0,0,0,1,0
"445","Eduardo César Daude Gaspar","Dean Kiely","Arsenal","From Free Kick",0.04743793,0,88.2,40.8,3.45068131266914,0.571860512515192,0.081669951867171,2.54933337723698,-0.0508364118497922,2,1,0,0,1,0,0,0,0,1,0,0,0,1,0
"446","Thierry Henry","Dean Kiely","Arsenal","From Counter",0.2055144,0,109.2,52.6,1.80020645177542,2.31455220369004,2.79952249695626,0.0457603059251767,-0.0290732451751298,0,1,0,0,0,1,0,0,0,1,0,0,0,1,0
"447","Patrick Vieira","Dean Kiely","Arsenal","From Free Kick",0.37445217,0,117.7,41.6,0.303931122644791,0.240113720602244,1.97357279182319,0.710002622144221,-0.0869707934093289,1,2,1,0,0,1,0,0,0,1,0,1,0,0,0
"448","Thierry Henry","Dean Kiely","Arsenal","From Free Kick",0.03776221,0,87.7,46.7,3.57841508272424,0.500466482192476,0.664121632095771,1.65240747224772,-0.048276901173457,3,1,0,0,1,0,0,0,0,1,0,0,0,1,0
"449","José Antonio Reyes Calderón","Dean Kiely","Arsenal","From Throw In",0.020930834,0,91.6,49.9,3.26258200165833,1.93781066728828,1.0891291097628,1.04243727640941,-0.0541810755206194,0,1,1,0,0,1,0,0,0,1,0,0,0,1,0
"450","Gilberto Aparecido da Silva","Dean Kiely","Arsenal","Regular Play",0.043339178,0,112.9,51.6,1.47533618446363,0.610239296460919,3.3170389997139,0.436298844590818,-0.0784102376351085,0,1,0,0,0,1,0,0,0,1,0,1,0,0,0
