"","id","player.name","shot.statsbomb_xg",".pred_1",".pred_lower_1",".pred_upper_1","goal"
"1","b69245a8-00da-4bac-8766-7b1d7548acbc","Dennis Bergkamp",0.18677612,0.318437251279338,0.130329761902869,0.592937069330154,1
"2","86c1c1ba-71a9-401e-a11e-c43716c2f543","Thierry Henry",0.031963106,0.0103155182753497,0.00318797644299822,0.0328533075749214,0
"3","83491870-daa3-4174-b59a-f96d63c9881d","Gilberto Aparecido da Silva",0.101165496,0.195497977413121,0.0957474061553164,0.358023817097873,0
"4","35853d1e-c9c3-44b1-8a5e-0fc5000c5111","Sulzeer Jeremiah ""Sol"" Campbell",0.03724119,0.00684163639810205,0.000755505181941626,0.0590581799525134,0
"5","09719618-3f33-445d-99c8-fb8cf218038b","Dennis Bergkamp",0.011366472,0.0248881169629114,0.00497922160961952,0.115185568923281,0
"6","d77af37c-91b4-4c9c-843e-7889f84bd380","Dennis Bergkamp",0.23466155,0.147215326166914,0.0596143446608705,0.319770282491626,0
"7","825e8cb8-199a-43c9-b4fd-84ae9bfe5c19","Eduardo César Daude Gaspar",0.040604666,0.063439388645879,0.0188268454115294,0.192975086065877,0
"8","0de7bda3-e2a2-4192-a5e0-5d73eae7ec18","Thierry Henry",0.36041838,0.35361636484768,0.104282011305331,0.719940317309133,1
"9","8c5f124e-e4c5-4c48-bf7d-dda75e3c9932","Thierry Henry",0.019422866,0.0111033903760261,0.00370211878756541,0.0328139362219256,0
"10","84db8232-9c12-4980-a6cc-734d1213aa02","Kolo Habib Touré",0.7232792,0.281760630657158,0.071948803469265,0.664996783130942,1
"11","6bff8118-c819-4898-ad9f-993ae31c00d5","Ashley Cole",0.1392026,0.189925786878559,0.0842875714790514,0.373901110364148,0
"12","d5fa0f1f-ec1c-4e42-aa37-e7d4f826c25f","Patrick Vieira",0.8369535,0.904949949964434,0.702072404726052,0.974661519301685,1
"13","df38b5ec-4b1d-45a2-bdac-390515164272","Robert Pirès ",0.16856258,0.380560364643124,0.175253639607983,0.639801041274074,1
"14","0c923b8d-f940-4e98-a5d6-1c824d8b276a","Thierry Henry",0.115363106,0.13177886956032,0.0481390967098226,0.31295979927555,0
"15","f5fc2996-d411-4ca2-b317-20533eb63e9e","Thierry Henry",0.013027268,0.00750859518451334,0.00220679160865627,0.0252259228535295,0
"16","ecc6fe1b-9bd7-45f9-a0d2-9a744226c0f9","Thierry Henry",0.33621103,0.355204726889757,0.191517913687581,0.561610334042828,0
"17","a515de61-9014-41f7-9c5b-6e96bf406afa","Robert Pirès ",0.36621675,0.267374731739298,0.141992079319152,0.445931172177899,0
"18","d462671d-f93e-4b19-9dd1-b0832d54cf37","Thierry Henry",0.021714319,0.00787415686187344,0.00238414045205336,0.0256807320144761,0
"19","bed657b0-11fd-4ac5-b1aa-1c6923d8c5e2","Thierry Henry",0.13790265,0.260158466051276,0.142044515890108,0.427544049956906,0
"20","62f4c16f-a4d0-42a5-bdd1-81cf2e70a694","Thierry Henry",0.059341166,0.190557887605781,0.0820083740634384,0.382863529859683,0
"21","5f6f0387-6ccd-4aed-aba7-bfc581cdffd3","Eduardo César Daude Gaspar",0.05423032,0.119019047544352,0.0325745046019387,0.351512735287395,1
"22","1b1a1c57-4ebc-4244-a01d-69ba2a70392e","Laureano Bisan-Etame Mayer",0.07300029,0.0836006727818726,0.0312627108185541,0.205016014079405,0
"23","d967aab2-98df-44e1-86c4-4ad283d17f3e","Eduardo César Daude Gaspar",0.028387174,0.13581200472005,0.0398043215564963,0.373349068528774,0
"24","436bf03d-43bb-4ecd-b654-10891f3ba8b7","Robert Pirès ",0.010445771,0.00312692780278252,0.000411814765029375,0.0233251887197324,0
"25","11257756-de20-4892-af0d-c41b17d307be","Thierry Henry",0.05302447,0.0622062635752387,0.0126895999620793,0.255033005662382,0
"26","04aa5d8e-c02d-4589-9f5b-20d4432cb9bc","Robert Pirès ",0.025819095,0.0327370101915238,0.00919170997342649,0.109905251289285,0
"27","b8c8e6c6-3ce9-4c94-9bc9-2073025fcd7c","Gilberto Aparecido da Silva",0.030991022,0.062226243152848,0.0138940485970195,0.238093466166994,0
"28","1880c25d-6141-47a1-8fc6-bc0469c2487a","Robert Pirès ",0.018532068,0.0206127805994255,0.00538158659745631,0.0756722182652284,0
"29","162449ed-12d0-4377-9c49-ef9bef23ed5b","Robert Pirès ",0.04494997,0.0651634475053019,0.0153438904590028,0.237692725304949,0
"30","9cbd1c78-6827-483d-9b75-cdac841969fe","Thierry Henry",0.24950899,0.495512735157476,0.269975808071863,0.722890742775499,0
"31","0eadc4dc-91b4-4621-b292-7da9c81049ba","Nwankwo Christian Kanu",0.0707688,0.0153475435048244,0.00288258203141546,0.0775232325727785,0
"32","556d966d-3a1d-41f3-9fcd-348e266e229c","Thierry Henry",0.80951947,0.999999968672821,2.22044604925031e-16,1,1
"33","5f7d0890-6055-4344-988b-09caa38280ed","Thierry Henry",0.03316599,0.00686723607835553,0.00106768374364821,0.0428190299562839,0
"34","3ef35fba-81a3-41d3-8066-715ee9cbbb0a","Dennis Bergkamp",0.07816828,0.139916792146743,0.0651153473255317,0.275339261402108,0
"35","846f60cd-e4eb-46d9-8586-5fb5790bf5bc","Robert Pirès ",0.017633846,0.0031205536559621,0.000322662802930683,0.0294645868884577,0
"36","c56e1570-1e4d-4d45-97dc-db2af95f71a9","Robert Pirès ",0.0151691465,0.00729291424902695,0.00205332183846108,0.0255602600776442,0
"37","bb0b96be-b6e0-4604-b9a8-6f4c9c43b22e","Thierry Henry",0.09682565,0.0780182010104593,0.0265420277453634,0.207997011905253,0
"38","a80546e9-5730-401c-a63c-8e36f6b1c979","Thierry Henry",0.07899955,0.535923932545058,0.195114096665215,0.846187097744468,1
"39","52c7499b-6f86-4acc-a8fa-d1d458becece","Thierry Henry",0.023477051,0.0130984745352844,0.00301164610797403,0.0551017020520748,0
"40","4d40279a-3236-4fcb-bebe-e6739e4ffe0c","Patrick Vieira",0.0076202904,0.00308812316373939,0.000624617004780347,0.0151207563280404,0
"41","8004a83a-ef2e-4651-b302-ddedc70b1dc5","Thierry Henry",0.03707128,0.031149368355094,0.0094249945745649,0.0979942102666241,0
"42","b5ede6e0-d806-4277-9e81-3b5128767561","Thierry Henry",0.76,0.999999952860476,2.22044604925031e-16,1,1
"43","9dbe04c2-9373-440b-8952-903c8ccdb723","Fredrik Ljungberg",0.2720138,0.529209829020156,0.315180005664182,0.733011756419282,0
"44","90adbe5d-c0f1-4565-ba11-3cf99723e4b4","Ashley Cole",0.043520596,0.00446751816649574,0.000515378732230693,0.0375866022913832,0
"45","9376ad5f-4f07-4a03-beed-0c1dc511b56d","Robert Pirès ",0.087567896,0.0889319593987254,0.044724371416461,0.169101197513788,0
"46","59a946d6-fcbe-4bba-b511-8e76e5d92877","Ray Parlour",0.028320346,0.010651727980581,0.00285287072085233,0.0389377114639319,0
"47","9c8a398d-e8e3-4a14-9bd1-2905bc5732d5","Kolo Habib Touré",0.026164522,0.0186111569932349,0.00450423251640452,0.0736320120153134,0
"48","94d2cc0b-3d5d-4971-82fb-1d2c1e95cd9d","Thierry Henry",0.04555448,0.0344019335170308,0.0114144453251351,0.0990456001945764,0
"49","d837b84a-75a2-41d2-9e83-a9f35c01e912","Jérémie Aliadière",0.11270856,0.0776038902522381,0.0351192504005546,0.162811073527062,0
"50","5d5d698c-0ab7-43f7-822b-b591e352188b","Thierry Henry",0.14639963,0.0849545023533719,0.0408074113852004,0.168473076704616,0
"51","7c465bef-4a7f-4509-b010-899b162061bc","Patrick Vieira",0.08543226,0.0102936968038143,0.000978517410139709,0.0994581222396421,0
"52","39a8cfd5-487c-4e7d-89a8-0caf273a7109","Thierry Henry",0.016273933,0.0125434653243775,0.00282245610739763,0.0539343745418293,0
"53","4ff6084f-f41a-4a1a-83da-144f1b5ae808","Patrick Vieira",0.020727167,0.0249927819516834,0.00837718392594753,0.0721659457086602,0
"54","630f8a69-6315-42dd-ac47-35f302c94a45","Fredrik Ljungberg",0.10561987,0.158212275020516,0.0666779222228,0.330858665242149,0
"55","a933912a-e460-45cf-86c5-1079077670cb","Robert Pirès ",0.037148878,0.0368558563731057,0.0154289119168134,0.0854567666443825,0
"56","5c4c7bbe-ac00-41ed-b3a1-a95ecf1f411a","Gilberto Aparecido da Silva",0.035797488,0.0488884462536854,0.0136345811665976,0.160466264818262,0
"57","7ab9f460-fe5b-4c5f-8f39-03e26c06a770","Thierry Henry",0.020778637,0.0191745612063543,0.00466721702132973,0.0753615284731502,0
"58","37568605-ac30-4e21-af5a-7473ce48b54e","Laureano Bisan-Etame Mayer",0.016708564,0.0097526056535411,0.00269047640469302,0.0347067508915552,0
"59","b050fbcd-df4c-44f2-8372-212c96f90832","Thierry Henry",0.0156198535,0.011540440608584,0.00172460689770765,0.0731316338704845,0
"60","3a05b919-0986-43b1-a40c-9dc7240769cd","Thierry Henry",0.09890298,0.0347341620644696,0.00448367260568487,0.223299543275105,0
"61","445398c3-590c-4c6a-ba0b-2e9056ed7463","Fredrik Ljungberg",0.015299054,0.00793224132390003,0.000929207158424765,0.0643164237424071,0
"62","4c2b7c21-9237-48f3-b9a0-e940cde8dd8e","Robert Pirès ",0.35496974,0.312974137848582,0.149791349496963,0.540842722365207,1
"63","5a9e9eae-30b0-4990-b4cc-ea4f843b93d1","Fredrik Ljungberg",0.120782256,0.156537262159499,0.0735406626252374,0.302607535896967,1
"64","1b6bf336-6d2d-4f20-98d1-1e3a467e2624","Thierry Henry",0.02107927,0.00405137655412103,0.000544558233366399,0.0294752220424581,0
"65","1c5c4c2a-6a4b-4823-a0f1-f90cd6a0e0ae","Eduardo César Daude Gaspar",0.021527342,0.0079019481809159,0.0016290635607788,0.0374238246648454,0
"66","df3855f1-c216-4927-b380-7ed78c2c9f5b","Eduardo César Daude Gaspar",0.07634717,0.0337840726998453,0.0129890386193803,0.085004075607249,0
"67","c20f6636-2944-44a3-8d13-f44f89395ef6","Thierry Henry",0.018222738,0.0113287538078699,0.00251580164395779,0.0494823464749791,0
"68","caebacc1-0635-4ffd-8445-cb1ec605be1c","Thierry Henry",0.027817061,0.129761465892521,0.0351451989745291,0.379034257475247,0
"69","ae857f1a-4448-46d5-acd9-2a10e36adf85","Kolo Habib Touré",0.3446383,0.522615382208854,0.149225786449312,0.872331545301239,0
"70","d611da1e-49e8-4c3e-8b34-8d1f314b57a1","Fredrik Ljungberg",0.30881238,0.457541709914429,0.196468430791346,0.744221794492352,0
"71","b6a573f1-cc44-4fe4-9f50-f8496fca40c4","Fredrik Ljungberg",0.085569486,0.0676505088551351,0.0216739825867515,0.192014172566139,0
"72","ab591bbe-0e4c-4405-afb3-e7ed876a8077","Thierry Henry",0.04262787,0.0300884032304526,0.00897071870098513,0.0960980446844664,0
"73","77fd6eac-13cc-4af0-95d7-3319cd594d5d","Eduardo César Daude Gaspar",0.020786682,0.020277055866812,0.0070703961784605,0.056742468951094,0
"74","6a4f4ebe-9a3d-4ead-9b3c-4c09d8ab938d","Robert Pirès ",0.07579835,0.0864674462260685,0.0339069369603105,0.203354102252915,0
"75","25c44985-3242-4e94-a609-fac722a82e47","Thierry Henry",0.16416815,0.399634387327576,0.202551595227597,0.635629592275549,0
"76","cc1f3a85-82e7-48f4-864a-59ee6fcbf41d","Dennis Bergkamp",0.049654372,0.0445853842622149,0.0122797015098247,0.149055694247279,0
"77","7c2a77ee-03c2-4a64-a0df-594a9221ebdd","Thierry Henry",0.014147292,0.0107877297158725,0.00316572498135256,0.0360964492438584,0
"78","4c3814fc-6f75-48de-acd1-b9cff8c0dea4","Thierry Henry",0.17735319,0.181894375966083,0.0467941263896527,0.501735654074579,0
"79","34869c7a-80fc-42ad-9c14-01bbd653e125","Gilberto Aparecido da Silva",0.014159448,0.0116060124090744,0.00282232377077248,0.0464529921140936,0
"80","843492c7-5460-4c94-8bd2-fabdd9aff2f6","Fredrik Ljungberg",0.021402987,0.039237227805973,0.0126885010125916,0.114872016875837,0
"81","632c4d0e-2ba8-47ed-836a-0322150259fc","Thierry Henry",0.17158334,0.0704098598362845,0.0130837728738949,0.302038693262888,0
"82","34aabef8-59fa-47d0-baa0-83dcfa176298","Dennis Bergkamp",0.16146144,0.317104293565057,0.146696769410942,0.556390188798119,0
"83","dd051e6a-5cf8-46f9-a0ae-5a82ffd370f9","Dennis Bergkamp",0.10973931,0.103412584339246,0.0434809956652369,0.226398252408562,0
"84","9ff56c40-e002-44ae-8b75-d793165b8a53","Fredrik Ljungberg",0.10035475,0.1530446041651,0.0587158259539107,0.343597905134637,0
"85","f2dccafe-c0b5-458f-ad55-51f0381cecfd","Sulzeer Jeremiah ""Sol"" Campbell",0.051722765,0.0228169103605507,0.00333586732016282,0.140075496847955,0
"86","2b28f69d-d0b3-4597-8c0f-52a6d35ba59d","Dennis Bergkamp",0.10463004,0.0851212176085104,0.0169377720377999,0.334410410995269,0
"87","514103e2-763c-4457-8f5a-22055a437d9c","Thierry Henry",0.0724678,0.0395843336287325,0.0156046467197478,0.0967904160355724,0
"88","f50eed56-f174-42b9-861b-6f81d25900b7","Thierry Henry",0.029236661,0.0494652379287945,0.0158541291110211,0.143912760637614,0
"89","5e6ee4e8-b1d6-417f-8aea-e7a44521883d","Thierry Henry",0.03885754,0.0501266415573834,0.0120418671481169,0.185986743126993,0
"90","70d9354c-4ee4-4722-8bb0-b8ed3f6345ea","Fredrik Ljungberg",0.042297415,0.022943015040998,0.00779055911321403,0.0656176321134091,0
"91","1cf05ae7-1022-45b0-867a-ea0b7bed8aa8","Nwankwo Christian Kanu",0.071593925,0.0821056483501075,0.0283486248795907,0.215221729436537,0
"92","f0c23322-ca8d-43be-9131-93d2e0bbf6e7","Nwankwo Christian Kanu",0.055744126,0.0423940128797934,0.00852880831027833,0.185560635820393,0
"93","c18a7e93-1940-4770-8be4-8ae9cb9c76a9","Thierry Henry",0.01825377,0.00974330953608886,0.0027128569587405,0.0343655657774462,0
"94","3bec5c0a-563d-44ae-bcfd-be5daa91467c","Thierry Henry",0.062478572,0.0526628903869645,0.0204729071344365,0.128810134539068,0
"95","e54ba1c9-87ec-4aa7-b624-5d2e15be40c2","Thierry Henry",0.026026275,0.027898346947387,0.0063733667514846,0.113794746390422,0
"96","822f013c-ec33-4e47-a534-26732f985a83","Thierry Henry",0.13558367,0.28778169595109,0.0672551794972958,0.69365718166796,0
"97","f0d5ea6a-c670-4550-94e4-f80123b9488f","Gilberto Aparecido da Silva",0.013533142,0.00208376217852507,0.000206730640710244,0.0206514600558833,0
"98","92a49b5a-b2bd-4560-91cf-7fca89bd3e5a","Ray Parlour",0.010894905,0.0346921779846605,0.00693534377241219,0.156078494489478,0
"99","8e0f33b3-73a7-4513-a89f-0acb450ef8b9","Ray Parlour",0.09245038,0.0600493273897522,0.0193110692278988,0.171683131722862,0
"100","d624c054-ec79-4bc7-87a2-e1b3062198fe","Nwankwo Christian Kanu",0.025991991,0.0190961229604584,0.00476035136832631,0.0734191703867541,0
"101","1b2bb954-226e-4350-abdb-1c87a878bfc7","Gilberto Aparecido da Silva",0.13794717,0.0406370625659907,0.00726599767092145,0.196878261702078,0
"102","1c9945ce-bec9-4193-94a7-c94489b28d4f","Thierry Henry",0.021549962,0.0152793861651793,0.00338567570366208,0.0661805595274016,0
"103","88422a6b-231a-42cf-9691-abc35d9bbcef","Thierry Henry",0.48423856,0.394891861584295,0.18639202876282,0.650226749144967,0
"104","84adfc01-5d85-42e3-a549-3065967f589f","Robert Pirès ",0.7586793,0.75213822978596,0.475932560264423,0.910229637528411,1
"105","f906318a-d657-442e-a766-f17a349b86bd","Thierry Henry",0.020514661,0.0235323106575693,0.00710970406208027,0.0750229426283162,0
"106","8f0f54e2-8436-474b-9a46-c8af87e3affc","Fredrik Ljungberg",0.028559837,0.023955501581743,0.00837833549448817,0.0665503663644769,1
"107","ca3afe30-5af4-4c52-bcca-d6bb945769a1","Ray Parlour",0.048389938,0.0554472409867286,0.0184595404546951,0.154855227438627,0
"108","c4ae6a44-a7ef-47c1-8f61-56d81e99c0d6","Gilberto Aparecido da Silva",0.01823994,0.0164948985233596,0.00458882457071459,0.0575075666805396,0
"109","a523adc2-2e1d-4174-8b26-101ae996539b","Thierry Henry",0.4160687,0.763903352437836,0.488605405087306,0.916367580975571,0
"110","a0f1ba1e-8b2f-4cab-951c-421d7c5c8543","Gilberto Aparecido da Silva",0.08117414,0.145870286477437,0.0363629980888374,0.435961730095939,0
"111","708b456d-6730-435c-86eb-353db30e6d43","Laureano Bisan-Etame Mayer",0.032129373,0.0104001883753363,0.00348447286388589,0.0306199354466859,0
"112","27091222-084f-445f-aecf-0f29db4e2f08","Robert Pirès ",0.017599475,0.00531074541784209,0.00153402549430036,0.0182159892241024,0
"113","92a17b63-6318-45f8-b8f8-e65457fad888","Dennis Bergkamp",0.077609465,0.11793011127293,0.0353394745355738,0.327925535962569,0
"114","08e6eaf1-6ac7-4d45-8a5b-07ab47e7ed8c","Ashley Cole",0.0445101,0.0312100752898393,0.00468767857011604,0.180569394540607,0
"115","f21c088d-5ec7-41f4-9c2e-ed47c84292ef","Robert Pirès ",0.13221711,0.139055302686225,0.055522848160232,0.3073622253175,0
"116","c2109347-1a7d-4fb5-b71f-27dc8b521141","Eduardo César Daude Gaspar",0.010191088,0.00878203396572858,0.00217936026928548,0.0346929188662401,0
"117","a655e73a-6d80-4258-926d-adf20d27472c","Thierry Henry",0.022629596,0.0236790202496878,0.00622217755116997,0.085880052505628,0
"118","ef756883-4f72-426c-a37e-312e4ad1afe2","José Antonio Reyes Calderón",0.3967671,0.224522576815154,0.0622649708207398,0.558003486733889,0
"119","c4f8a9f6-2e65-447b-ae73-3a384ddda82f","Thierry Henry",0.31695434,0.710167655820755,0.452146651096398,0.879149206168771,0
"120","43029c1a-6a92-4613-8eb4-e54f60cbf62a","Thierry Henry",0.016802229,0.00628698331411587,0.00159997986788988,0.0243690330857674,1
"121","4ff1d175-3054-44d1-be4d-44d528235432","Thierry Henry",0.11207606,0.0359236116406904,0.00680770930227471,0.168445736897518,0
"122","6a915ff1-1e1b-4078-86da-57cf08116d47","Fredrik Ljungberg",0.17367294,0.152567228444067,0.0502331446611318,0.379971107530157,0
"123","943226e8-8104-4c1c-9247-398cee3a39a3","Fredrik Ljungberg",0.21148604,0.106871500732479,0.0424524000132664,0.244121503236201,0
"124","1ddd7e83-f67b-47a6-9ab6-dc897ef7bb87","José Antonio Reyes Calderón",0.22699374,0.194143296804516,0.0990842363962348,0.345432508689568,0
"125","3a264d00-46d4-4ebb-ab51-28b8b0f20a24","Thierry Henry",0.025816444,0.026523637650046,0.00809910730412781,0.0833402223319648,0
"126","2664a2ec-8c4a-482b-bb6c-7b6e52bc8234","Sulzeer Jeremiah ""Sol"" Campbell",0.047381524,0.00501001940187951,0.000280747155862405,0.0828066103165236,0
"127","fec4c7e0-11c8-4537-9f6f-e04a5d567070","Thierry Henry",0.062416315,0.0865612101844993,0.0210487110704909,0.294612454199197,0
"128","ad01ad2a-9cfd-476c-897a-d1383eb981f1","Thierry Henry",0.033653863,0.00911439057599608,0.00177001841148694,0.0455425782635537,0
"129","d48a79c8-53b3-4a29-8750-243204fe668a","Eduardo César Daude Gaspar",0.03570219,0.0199194427836174,0.00430107490682744,0.0872808593894017,0
"130","5014d5bf-1940-40a8-b32e-e82ea0c4d46d","Robert Pirès ",0.017411776,0.0106324360818794,0.00331149941896344,0.0335927209131758,0
"131","77e2e91f-bb79-46d3-a03b-ba3f03593295","Robert Pirès ",0.027159378,0.0165419752262279,0.0042467118908355,0.0622109970705517,0
"132","4c14e2ff-ecc6-4ba1-9981-a71be09979fe","Thierry Henry",0.021567002,0.01355344964565,0.00412440791722386,0.0435951160536923,1
"133","de978686-92af-4dc3-a3e0-a76554261e40","Eduardo César Daude Gaspar",0.06685441,0.028344391433302,0.00444125847358695,0.160194966034513,0
"134","53abd301-012f-47f0-9765-778f4f71cbdd","Thierry Henry",0.015859466,0.00899083163107775,0.00247853816740283,0.0320639974975271,0
"135","31056e44-fa6c-4b78-8e6b-052648884823","Fredrik Ljungberg",0.1231656,0.143442873602178,0.0476341485947786,0.359261943826615,0
"136","417c309d-d6c7-4523-8b17-46c60809cf96","Thierry Henry",0.06536072,0.0470401360864888,0.0128939047803352,0.157211983238994,0
"137","a8306ca6-57fb-4488-9503-ec134bc31466","Gilberto Aparecido da Silva",0.11518312,0.0187795632479364,0.00314328553087344,0.10407756489844,0
"138","022415ca-9219-4890-80f4-c5794e2dd8e6","Dennis Bergkamp",0.013829867,0.00511375200245668,0.00142456575058133,0.0181828297137941,0
"139","af685cb9-3ead-45fa-a6d5-0c8f472dccd3","Laureano Bisan-Etame Mayer",0.1922588,0.263981239852139,0.0938974996462161,0.553838847474829,0
"140","758538d6-e850-4d1d-90eb-764d274ba138","Thierry Henry",0.23742968,0.0550282201000514,0.00827128496978953,0.289059105171733,0
"141","1980f297-792e-452a-b478-fd6cb56a34ea","Ray Parlour",0.020705672,0.00753653208552803,0.00124214649411101,0.0443116310036455,0
"142","5bb34e9c-7989-43cd-8b24-17fc8ab45fd5","Thierry Henry",0.03000872,0.0187901948236834,0.00571413892329944,0.0599838829960113,0
"143","b3d7c013-e867-4836-84a8-5a669d431afa","Kolo Habib Touré",0.04434648,0.179518148759043,0.0488341008621639,0.482514302396361,0
"144","24875a96-6f46-4457-839c-53e58b17820b","Eduardo César Daude Gaspar",0.18918699,0.062644805339866,0.0121701754062867,0.26607259636248,0
"145","eba5b752-72e6-466e-8c6f-0cddfa3d48a5","Ray Parlour",0.038339127,0.0309275838439285,0.0103366910992646,0.0888533368871364,0
"146","c7645c4f-c286-4ea1-8461-7a5a6c824678","Kolo Habib Touré",0.1329887,0.056110069328304,0.0104024324333264,0.251593826859657,0
"147","4a0b5118-c92e-40f3-a620-8040ace4cc6d","Ray Parlour",0.021037357,0.00623034326862959,0.00151294975527041,0.0252841549858836,0
"148","7a38faf4-702b-45e4-b6b5-e8d193891bbc","Gilberto Aparecido da Silva",0.041250654,0.0193244385743728,0.00378716206724587,0.0926753081118831,0
"149","eda0be88-2411-4dc3-8185-813ce56dfe2c","Thierry Henry",0.08391718,0.0509051527963713,0.0176494500953094,0.13801855903397,0
"150","28dc9373-5044-4c22-82d2-bb02c5bdf47c","Robert Pirès ",0.048773024,0.0337666252783805,0.0140548964989666,0.0789110634908657,1
"151","a4729683-793f-4c79-add2-2323e21a1bd9","Sylvain Wiltord",0.022054601,0.0133547111837574,0.00454149166479041,0.0386075511525639,0
"152","8b2ac2dc-93cd-4bfc-9769-f85cbb11395f","Thierry Henry",0.02915747,0.0263869822583241,0.00593724550502263,0.109512418016636,0
"153","095d8b43-5130-4849-b76e-fbd71dc4899a","Gilberto Aparecido da Silva",0.012197965,0.00648371099619389,0.00156070651625439,0.0265230465808207,0
"154","d57626dc-08f0-4777-a05e-b6667744a8d3","Thierry Henry",0.011760994,0.0033856482402229,0.000854286471070357,0.0133177848718682,0
"155","e63b47a6-bc51-4dae-9a66-27c253121270","Fredrik Ljungberg",0.053545356,0.0790520057332183,0.0294461026956645,0.195401042051796,0
"156","e73cc30b-eba5-4177-870c-5fde2a3865c4","Thierry Henry",0.014514488,0.00989084645117456,0.00217877897279787,0.0437051048610045,0
"157","f770ea04-9d02-4d91-b514-9c6d0ab997b3","Dennis Bergkamp",0.054044664,0.0651050490652149,0.0241926015161015,0.163605032350894,0
"158","834797db-061e-4c6b-9d02-15a3eb85f2af","Dennis Bergkamp",0.083505765,0.0672252395286091,0.0226707938033907,0.182950521482008,0
"159","4cb781c1-b56b-474b-89fe-e9ea93f957bf","Robert Pirès ",0.026071616,0.023223266208124,0.00629515709444471,0.0819195506417304,0
"160","4b04c262-6e1b-4604-b9f6-46ea4352c525","Thierry Henry",0.034550298,0.0276759849517058,0.0113213305935317,0.0660773684286848,0
"161","7fae7324-590b-4bf4-876e-e30151388794","Fredrik Ljungberg",0.07210817,0.126292140410999,0.0331279218290396,0.378808921261257,0
"162","6e29e2db-81c8-4493-9012-a3a6adcbcaba","Thierry Henry",0.039256465,0.0380076401561123,0.0156200722217404,0.0895629144490705,0
"163","a507db21-0afd-4664-9d54-f2b3b983e7ed","Robert Pirès ",0.04233155,0.0503226826486183,0.0182171521561466,0.131435444110267,0
"164","fa1ebedf-9cb1-4c2c-8c16-e12af36b05d4","Ashley Cole",0.10561759,0.066498268208516,0.0107238798983503,0.318856170410409,0
"165","0249af77-2723-47a9-91f3-426079b87544","Gilberto Aparecido da Silva",0.019895516,0.0122570150805491,0.00289307767502414,0.050397062091093,0
"166","341c119e-a3b7-4a0e-b2a1-42054abb85a8","Gilberto Aparecido da Silva",0.0133168,0.00434910701829099,0.00116005622026563,0.0161631485351499,0
"167","91d0b055-a20f-4de3-a83f-14d915aeb41f","Kolo Habib Touré",0.026812715,0.0510235318050191,0.0102580965670842,0.218092488046871,0
"168","9bf1b030-46d5-4564-803c-176b59268e0a","Fredrik Ljungberg",0.011057602,0.0129378973085687,0.00306341729154957,0.052950780665262,0
"169","d6d4ee81-d296-4c6a-a45e-5c3064379d17","Patrick Vieira",0.60270625,0.736985288096139,0.444853374210841,0.907392373047327,1
"170","7e5a4b23-f5f6-4d08-bd39-86dcdece17cd","Thierry Henry",0.030913258,0.0644586913470764,0.019628227870266,0.191663326354606,0
"171","91226ad6-fc4d-4eb9-852b-deee86bd09a6","Patrick Vieira",0.01492144,0.00312732695597941,0.000627786270537807,0.0154252197023915,0
"172","d8f2a2ec-36ce-4d06-8c6d-8b6ab89fe7f8","Fredrik Ljungberg",0.16899672,0.230316587968449,0.0711058893956286,0.539113842571381,0
"173","4ea87970-7be8-42f4-8b06-3d1ff1f11a95","Kolo Habib Touré",0.24766652,0.376171442750454,0.136914586560089,0.696248187538207,0
"174","16caf708-8e95-4a50-9986-f73d011f64ba","Eduardo César Daude Gaspar",0.16984391,0.213266059517607,0.066493632216658,0.507784954526585,0
"175","0040b591-9c7b-40aa-95d5-8fdc269c71e2","Thierry Henry",0.020981507,0.0713164313718546,0.0183340555614285,0.239979511583409,0
"176","f3c8dc6a-36ec-45e1-a13f-4554003f917d","Sulzeer Jeremiah ""Sol"" Campbell",0.035099592,0.0724444491493913,0.0140237989694987,0.300148909542153,0
"177","5ef6d89b-a9f1-437e-9537-aece8974c04e","Thierry Henry",0.02902376,0.00774369654800707,0.000890391670665343,0.0639692256051729,0
"178","c8cfc078-6385-4290-aaa5-e222d8461cc1","Patrick Vieira",0.2837439,0.285369003294232,0.103693011432773,0.579539137344024,1
"179","c63b083a-39de-4760-917a-1163950b49f6","Eduardo César Daude Gaspar",0.017667737,0.0488448071957583,0.0107373883179502,0.195473294783682,0
"180","0923e2b2-1711-4f0c-bb52-768d4dceb48a","Eduardo César Daude Gaspar",0.1898611,0.358165687360638,0.167331505281497,0.607779911601989,1
"181","ed07e531-2206-417f-989f-9b346d6b3e03","Dennis Bergkamp",0.08652462,0.00263715937403981,7.46754105816971e-05,0.0856033861949357,0
"182","61ffd2d7-b560-4070-9b56-487482f65fe4","Robert Pirès ",0.01795536,0.0126455499799184,0.00432946262066047,0.0363520843360497,0
"183","c30211fd-d589-4081-b57d-c9f942072f44","Kolo Habib Touré",0.035453092,0.0313616944752973,0.00490776308600997,0.175289876226041,0
"184","f76362e9-c554-4692-b089-1c6922cf433e","Gilberto Aparecido da Silva",0.0739615,0.0462051815108608,0.0206950630557342,0.0999513405031094,0
"185","9ebaba51-e866-450c-9c07-78fc6d662f09","Gilberto Aparecido da Silva",0.18137228,0.174386415478355,0.082973628516035,0.33024148451756,0
"186","ccae910d-8f0a-4c4f-9e5d-a97e4c9c6391","Patrick Vieira",0.08822397,0.0170519813060984,0.00262182474321894,0.102723771812857,0
"187","6e247f96-0bce-4eba-94de-94655502c295","Thierry Henry",0.01142557,0.00546723695896531,0.000465466086165436,0.0609397703202086,0
"188","a70df1cc-3eea-4dff-a331-1afc0f49b5df","Fredrik Ljungberg",0.012882071,0.00469529103730273,0.00122649787380166,0.0177997204750165,0
"189","32970ec5-948c-47b3-a1d8-54b520327597","Dennis Bergkamp",0.21116275,0.171617067153903,0.0764721462948255,0.341381152432013,0
"190","d860245d-ec01-44f7-bb4a-efa503ab0200","Fredrik Ljungberg",0.070109926,0.0321599728004387,0.00698532490301053,0.13566703120221,0
"191","76429521-9399-448c-972d-8ea829ac1966","Gilberto Aparecido da Silva",0.036043156,0.0228961539367197,0.00665525556545172,0.0757476964044796,0
"192","3d2e4938-77d5-4f6b-b3e2-16244c25af1b","Fredrik Ljungberg",0.35730493,0.394862478208792,0.206640586807135,0.620450069643138,0
"193","c9024447-4ac5-4693-88af-e9c48fa99a1d","Robert Pirès ",0.35244408,0.331568362918319,0.128182973647051,0.625959270337931,1
"194","04b9ca1c-35a6-412a-b507-9bb7d6a9b393","Thierry Henry",0.02556449,0.0100945748515138,0.00270592969424163,0.0369114908054851,0
"195","4c074d89-99f0-46d2-a3ea-60421806daae","Ray Parlour",0.016823834,0.0161758157131453,0.00581973963910405,0.044142033577173,0
"196","69b33a6c-e6cc-4e6e-809d-b20fe90b648c","Thierry Henry",0.021060819,0.0164873590748529,0.00336548803584784,0.076826900529818,0
"197","d4fddb9f-22a0-4846-84df-a162e453b511","Thierry Henry",0.76,0.999999917511897,2.22044604925031e-16,1,1
"198","5f8504b2-f4fc-4289-a861-fc4d4b3b21ab","Patrick Vieira",0.019594813,0.0133429136051822,0.0040066327916292,0.0434848165787892,0
"199","8d86ea8d-ae89-4cf4-8d1b-c4a61d91fab2","Dennis Bergkamp",0.059171405,0.211788001724107,0.0838458632272228,0.440986801185772,0
"200","9596047d-4015-41ff-9ca9-e55fb61a5e20","Thierry Henry",0.029715339,0.014543943773529,0.00496078150108629,0.0418608953504954,0
"201","edf14a7e-ca10-4606-931b-a65364ad35d1","Ray Parlour",0.040514223,0.0445575909900909,0.0148549655381057,0.126051683619135,0
"202","67285083-a648-45d0-9467-fff6f731eac7","Dennis Bergkamp",0.18028641,0.206186952720784,0.0686882734668261,0.477736280138395,0
"203","698f550b-7a29-44d9-8a7d-cc8654b9f171","Dennis Bergkamp",0.17819732,0.104521568904448,0.0287793678698447,0.314959383501413,0
"204","3c0a4128-2f0b-4d0c-9a29-84729a69297f","Eduardo César Daude Gaspar",0.039753594,0.0805255143945769,0.013674710755525,0.356171870707717,0
"205","816a04dd-5aba-468d-8561-7f343b418e31","Patrick Vieira",0.06505188,0.0154463644685957,0.00223544261039846,0.0989852007571477,0
"206","336541a1-3b73-40f4-a2ac-67ba5d9f5e8c","Thierry Henry",0.08435909,0.242250569872922,0.0659245682748231,0.591528009915299,0
"207","4327c943-f6d6-402c-abcc-4dfaad5f7b93","Thierry Henry",0.09463678,0.0458789975322789,0.00855466995395124,0.211337909232267,0
"208","a0904222-a113-46cd-bf37-c86b4bb5d95e","Ray Parlour",0.04769755,0.0313247291762994,0.00779345785390106,0.117492113079783,0
"209","a9c60f72-5d64-4428-aa5b-49f9a64e4a52","Kolo Habib Touré",0.4232646,0.563096972607168,0.277028880298912,0.812559654660092,0
"210","ad8c9137-8423-4b76-964a-f14dc5ac4f94","Sulzeer Jeremiah ""Sol"" Campbell",0.16293365,0.0266711671729706,0.00484594794534252,0.133596914262395,0
"211","00b1554a-d1a1-49b7-8725-19cde9047bb1","Thierry Henry",0.1409315,0.0372506905039117,0.00600465300264976,0.198603207916166,0
"212","b5c060db-645c-406a-b878-07b25b66fd62","Thierry Henry",0.011963927,0.0129386312597655,0.00401371506964754,0.0408941983540958,0
"213","46803f6f-0040-478c-9f59-68327f00c606","Kolo Habib Touré",0.036280803,0.0242482376687265,0.00875884898482113,0.065324320187257,0
"214","a4fb418b-c18f-4317-9f7c-92830742ec5b","Ray Parlour",0.014829985,0.00603949612272299,0.0014155551008232,0.0253836954549852,0
"215","d20f2789-8862-4d96-bcc2-b5bade34b3b8","Thierry Henry",0.030282678,0.0175741831628887,0.00548690484837477,0.0548211134998253,0
"216","74fe0721-cae8-4375-b351-64ace0790156","Dennis Bergkamp",0.11373226,0.048039092008992,0.00513538741430142,0.330357989131712,0
"217","14abfcd3-1126-4245-9436-d57399b32ae5","Robert Pirès ",0.04548274,0.0287396582517183,0.00955100385470642,0.0832397482264156,0
"218","b6e80562-240a-473c-b4b8-7acda05da890","Thierry Henry",0.0103733735,0.0134573248880277,0.00453219623799037,0.0392651949981318,0
"219","0a4abd5e-6f89-49fc-a89f-ec4c6b205a67","Robert Pirès ",0.3242853,0.193436131971488,0.0875753720755973,0.374709396129837,1
"220","d05805e5-5dfc-42f7-b169-5ebfadd3b7bd","Thierry Henry",0.030690491,0.0283958182036575,0.0110185385419591,0.0712055416819389,0
"221","9608c871-07eb-4276-9ced-48a9dbe5c5c9","Thierry Henry",0.030810686,0.0609701197384107,0.0180228218448543,0.186791037159911,0
"222","5cc48850-79e4-4755-b75b-7476e0884c65","Fredrik Ljungberg",0.110069826,0.177789314594808,0.0770633960968482,0.358964174131085,0
"223","6cb2f844-aa35-472c-92b3-cb551a8f4f5b","Thierry Henry",0.009911504,0.00281171505758834,0.000483143734320545,0.0161814360759884,0
"224","ead0441b-f7a7-4172-96b0-2d80fe1bef6c","Thierry Henry",0.021994784,0.0148514940979704,0.0037097957779971,0.0575232469657452,0
"225","1076dfab-c569-4973-8fd7-85e6bbfca88c","Eduardo César Daude Gaspar",0.013832978,0.0097507881339126,0.00267091837497882,0.0349399775778918,0
"226","cdad03ac-145f-47fd-b1e8-8fa6f9fb8ac5","Thierry Henry",0.0327227,0.0159326657208123,0.00546104890607146,0.0455637954295192,0
"227","1f8b9f8d-11f9-49af-a83d-1de5c6d066e1","Thierry Henry",0.21526471,0.243452419937604,0.108743338122537,0.459080282306149,1
"228","3344864c-e682-4572-b405-1070c0f93823","Robert Pirès ",0.31957105,0.29837924493536,0.137327238180372,0.531860107356358,1
"229","c356b104-7ecb-4e39-ba69-d6bd4ae8578c","Dennis Bergkamp",0.14835924,0.144969742658069,0.0679076107422449,0.282936929705443,0
"230","964e30ad-97a3-4e93-975c-e44de701a896","Thierry Henry",0.1910535,0.170715024449308,0.0794918963266981,0.329186719263753,1
"231","bd83127c-cc3f-44bf-b330-dc21a04230a6","Dennis Bergkamp",0.018269606,0.0243476921834202,0.00883904638284731,0.0652751689576773,0
"232","3dc886e0-7f12-441f-906e-2737f98c7d9e","Thierry Henry",0.25292137,0.107314226829209,0.0515294843095821,0.210112027914655,0
"233","28f85d5b-b265-4315-ad65-9c90ecd2b8fd","Gilberto Aparecido da Silva",0.0814242,0.19304621437131,0.0627098139416435,0.46102955123938,1
"234","186f797d-3a1c-46eb-96de-82d8112f9e99","Ray Parlour",0.2451209,0.680872584466832,0.420808894724125,0.862359042803333,0
"235","516bcefd-3458-40d1-97f3-8bbc26609dbc","Thierry Henry",0.45147735,0.430749068166544,0.245485789844478,0.637664981631563,0
"236","2f7c6d87-7d34-40d0-b8cf-b90abfe78449","Jérémie Aliadière",0.35611,0.0639695586190349,0.0146421343764209,0.239143724496679,0
"237","81fc2faa-81de-489c-9b2d-3120e47d2ea1","Laureano Bisan-Etame Mayer",0.07521509,0.175558080705241,0.0887747202306592,0.317608228719613,0
"238","2f8849a6-44d0-476b-9d61-da7b708a9e34","Eduardo César Daude Gaspar",0.11824179,0.0374849089146659,0.00647890624537031,0.188693936031638,0
"239","ad648866-892e-4bb7-94da-23ea3b0077e7","Gilberto Aparecido da Silva",0.05293875,0.15272132830733,0.060775830029835,0.334262788086701,0
"240","ac04731f-b254-4ffd-b40d-74d7aef1151e","Fredrik Ljungberg",0.06425695,0.069034582812087,0.0326358077997968,0.140147654415286,0
"241","e14e6ac3-3efb-4420-9402-6fbeda984135","Thierry Henry",0.8797571,0.749644728725319,0.536205021218009,0.885782086080488,1
"242","ad65ec20-c3ea-43e8-8234-f2b539464d5f","Fredrik Ljungberg",0.0140301585,0.0100799991271051,0.00203176559726141,0.0484608012087214,0
"243","606c9258-9a5d-483e-bddb-cffa8d3f4c65","Gilberto Aparecido da Silva",0.12615536,0.0881576917824299,0.0174773620471211,0.344464172797574,1
"244","9035fe21-7e52-4729-8963-0745a4b58d0d","Sulzeer Jeremiah ""Sol"" Campbell",0.063093424,0.0357891822452915,0.00636932631505843,0.176905300836065,0
"245","a555fc4e-131e-41c5-a05f-9e5d0d0acf05","Thierry Henry",0.016413992,0.0159354615739365,0.00445402598249967,0.0553673403441702,0
"246","865288e3-ca6f-4905-b854-90083f18076f","Laureano Bisan-Etame Mayer",0.02404583,0.0197328024586031,0.00605785439567739,0.0623412737437538,0
"247","eb0e5d8d-9ad1-4537-8863-efa77a611459","Sylvain Wiltord",0.33687192,0.314552054430121,0.076096946413942,0.718847709106243,1
"248","cc8f4c00-f25c-4029-a632-d2d9b92cd3e2","Thierry Henry",0.30108938,0.140610427089278,0.0589930883185054,0.299238181420442,0
"249","b0d4ce7c-a6e7-4730-a852-be222d58ca12","Thierry Henry",0.018930528,0.0109509074451159,0.00334108858161526,0.0352796699864554,0
"250","9a7fc8b6-152c-4804-9363-30430c93ddb2","Thierry Henry",0.03591606,0.0165938234490697,0.00322825153849993,0.0808092482347272,0
"251","f46f9762-e11e-4c83-9c84-444446297b10","Thierry Henry",0.016555816,0.0137048271893376,0.00341657688708125,0.0533163777639667,0
"252","c09e4716-5b12-4f02-a8cd-26a6736e67ef","Sylvain Wiltord",0.90684265,0.960969383399807,0.835699732643158,0.99167901311429,1
"253","6223d921-d27e-476a-bd39-c951abfc34d0","Dennis Bergkamp",0.22693571,0.220678000440334,0.0887127103083269,0.451655421152837,1
"254","b0c5b48a-e0e5-41e0-8e68-3fa2bfdd4f7c","Dennis Bergkamp",0.016535418,0.0122382482252368,0.00295356771893588,0.0492675399624835,0
"255","2f6e13d4-287d-451c-8521-a42f8512d881","Robert Pirès ",0.045735445,0.0238685453479328,0.00445964610755667,0.11775586346125,0
"256","e5ccf00c-1f68-431f-a8e5-c96437f57f64","Patrick Vieira",0.10563295,0.347706103486582,0.145825567376549,0.62467729946794,0
"257","24d6683e-d379-48fb-aebc-c33fcf79f834","Thierry Henry",0.011518389,0.0142912604079021,0.00303891180200041,0.0645122332156088,0
"258","833c7619-eb41-45d0-9cfa-322ad2614f7d","Robert Pirès ",0.11785451,0.0908457449224429,0.0381044544122315,0.201309664364539,0
"259","99c56191-f331-436a-8071-e061f45c4363","Fredrik Ljungberg",0.05762819,0.0624035823238003,0.0254243532801344,0.145157337183102,0
"260","22e9cf97-22e1-4735-a689-b7286df957e8","Robert Pirès ",0.15126315,0.025146803499902,0.00527102134354744,0.111563818027799,0
"261","40a9b19f-c907-4bdc-9d5a-c46cc49f1a8a","Thierry Henry",0.29637697,0.281835022774171,0.12296359765767,0.523459078156354,0
"262","80dde59e-6fa1-4ca5-b37a-cadc89d63f92","Fredrik Ljungberg",0.16160503,0.183678319202979,0.0668961884599056,0.41389889159348,0
"263","20c1b61d-f9ba-4e01-887b-2e071d0244cd","Fredrik Ljungberg",0.01646572,0.00699987768563264,0.00118068268504718,0.0403415632412117,0
"264","e01de660-4e4a-4aea-ace3-ecf3ae7daf7c","Thierry Henry",0.21208495,0.0256050600580213,0.00414333860898684,0.142344541967882,0
"265","04ca9d7d-692a-443d-9d4f-9ef7f0a4c439","Thierry Henry",0.065048434,0.106294086969249,0.0102511518329791,0.577306730413752,0
"266","e714d04b-8173-4da0-9ef0-6a1294b2e867","Thierry Henry",0.18637274,0.186959013484864,0.07901916267386,0.381299683788753,0
"267","b06dc7e0-278d-49fa-8708-86078538eed9","Robert Pirès ",0.56204,0.747890978438941,0.472309824519936,0.90768286988021,0
"268","f13313f4-1772-4e4c-8145-66e120c5fd58","Thierry Henry",0.011821863,0.00518966189718451,0.00135201314298494,0.0197054187990352,0
"269","5a7f6fd8-2740-44ef-9f3d-ae9d25e19926","Robert Pirès ",0.025536556,0.0290203440167281,0.00884194661876594,0.0910194996330819,0
"270","471d6503-f183-46c8-9a00-e67014e75f43","Thierry Henry",0.015248263,0.0124448719949432,0.00407896883675531,0.0373260395433406,0
"271","e4e871b0-1521-4fa8-bc69-a8cbe223b1a5","Robert Pirès ",0.05061619,0.0440376731153405,0.0179118564606136,0.104225875595811,1
"272","9a1b46a6-a34c-4ae4-bf05-15112ef6b439","Thierry Henry",0.021172326,0.00697415287454622,0.00177497562398381,0.0269907437416211,0
"273","8522290e-3caa-4604-acb4-75f6e869b8b2","Thierry Henry",0.091814615,0.184135396422034,0.0634974365445128,0.428983063618955,0
"274","98565f2c-0749-4864-8979-64dc63669c0b","Dennis Bergkamp",0.48371932,0.564074435550045,0.293586896553422,0.801143395109365,1
"275","bff4eebc-8289-407f-8f0c-87efc0a3043d","Gilberto Aparecido da Silva",0.02823421,0.0456518224768151,0.0149751076906052,0.130824025170706,0
"276","2a00fb28-6fb5-4cb1-a4d4-5ff434fffd22","Thierry Henry",0.03691512,0.048257908373577,0.0134557221501056,0.158602252719013,0
"277","5a60baa4-1fd0-41ca-bff4-4b9a855ac56a","Robert Pirès ",0.06519085,0.10381426711965,0.0345766967356081,0.272554232858035,0
"278","3e547dfd-e1ba-4e4e-9204-4ad238d1a9cb","Dennis Bergkamp",0.029919766,0.020015343842227,0.00667509129604645,0.0584475349597926,0
"279","d19e756e-0adb-4686-ae2f-b2693a14ed3d","Thierry Henry",0.1332327,0.174792693239281,0.0821776426724752,0.333822360372482,0
"280","d2714dce-4ee2-4462-8846-0e1276ce08d5","Thierry Henry",0.017968886,0.00564401005385891,0.00158226877148038,0.0199243155825169,0
"281","314c0b0d-81f0-4d7a-8276-570b43d48326","Gilberto Aparecido da Silva",0.027060853,0.0201337589316349,0.00669939139116627,0.058910462700895,0
"282","64e459cc-54fd-4217-9092-adc88a713363","Thierry Henry",0.0568847,0.0457033873534481,0.0170371997006814,0.116867736815557,0
"283","2f54e9df-594b-4508-a73d-ea380b69bad4","Thierry Henry",0.67490935,0.597427709578566,0.200029736309338,0.898039239690365,0
"284","f4acf1a4-619f-4659-9902-c1b2df2027d4","Thierry Henry",0.012588938,0.0109592906526207,0.00344189730154752,0.0343297105158505,0
"285","fc299183-16a5-48bf-81e8-74b7e969a0b4","José Antonio Reyes Calderón",0.0083438745,0.00217199825089108,0.000377446919706317,0.0123928714353469,0
"286","461c0ca9-d45e-4cd3-9ee2-35a762790cef","José Antonio Reyes Calderón",0.1294292,0.0193455244479447,0.00370480324404418,0.0947383855903779,0
"287","ba4b09d4-e8aa-4223-a337-5f2aa44ed16b","Thierry Henry",0.028548012,0.0150852523710415,0.00553692274747144,0.0404300892289769,0
"288","eac8a664-f5a2-4ada-9dcc-204a7f7e7144","Kolo Habib Touré",0.109583065,0.0467888887303427,0.0108241989579498,0.18045121021427,0
"289","d7e93b06-47fe-4321-938f-7c8aca5ccd78","Thierry Henry",0.017209705,0.0332641383529293,0.00734260734434585,0.137976488020596,0
"290","626d6124-baa8-46ff-9f51-a6d4ca4cd32d","Fredrik Ljungberg",0.63323927,0.65249889082057,0.415405910466907,0.832262099208308,1
"291","9dede6d9-097e-4122-9337-047151c880f4","Dennis Bergkamp",0.057945207,0.162909643709979,0.0559420944133153,0.389931008628821,0
"292","12353579-c12a-4e0b-ab28-15bcc5d61a33","Thierry Henry",0.15224703,0.126473820683139,0.0537212421408484,0.269674071162206,0
"293","98c65469-6ade-4e04-96a1-2733d7b6bb52","Fredrik Ljungberg",0.063105404,0.0886019750005672,0.0242350316991109,0.275632868571411,0
"294","95851ea0-761a-4bbe-9d66-9fa9eb07d69e","Dennis Bergkamp",0.42512512,0.58165876112159,0.0712081312802413,0.961854325810503,1
"295","4c596607-620a-4acc-ab5b-5463f700cf9d","Robert Pirès ",0.3149496,0.446250126458227,0.211444605090531,0.70776889055526,1
"296","1b27eed1-8f52-4f5b-878d-b7601272a4be","Fredrik Ljungberg",0.10286597,0.10087435627805,0.0372772674722084,0.245323336166417,0
"297","63728126-6b8d-42eb-ba0c-e108eb15b894","Thierry Henry",0.02481899,0.00966144719771855,0.00114348750167897,0.0767548317891861,0
"298","fc998bc9-a12e-4ef5-a980-62fb43da03a2","Thierry Henry",0.31033337,0.185809600506335,0.0721235772426267,0.401210008384149,1
"299","adbdac0e-1e13-436c-a710-08315dd2324f","Thierry Henry",0.019125048,0.0114893234294234,0.00323121657115478,0.0400058170109355,0
"300","35dbf82f-c759-4089-bc0f-23024d9f1bbe","Laureano Bisan-Etame Mayer",0.045333747,0.0703474649428099,0.0103372201395592,0.354088634116647,0
"301","c85be440-9873-4b92-a8c5-bbbe58221bf3","Thierry Henry",0.11584262,0.242939779925298,0.0772799848230808,0.551475086986862,0
"302","720494ad-9a1d-49e3-9283-f5a84fa9f3b1","Robert Pirès ",0.17595726,0.260553751166124,0.0974682496623406,0.534816652475434,1
"303","bcdf8a07-d4a1-4b87-8736-fdf316e5bff5","Thierry Henry",0.23815484,0.153827398861645,0.0663424100465636,0.317452495808188,1
"304","1c339897-41c4-4359-b414-446c5b7e6bd3","Thierry Henry",0.01528529,0.0109441629635373,0.00301931163377218,0.0388588082992371,0
"305","43f07dc7-e048-4282-b9a1-a6d8cc64aa08","Thierry Henry",0.15411635,0.0695442250258078,0.0157720197598337,0.258495443041981,0
"306","96d8a610-3e02-43de-bf47-de63596d55d0","Thierry Henry",0.3064395,0.534232257452216,0.234281658883862,0.811315010621422,0
"307","a4271b4f-afe1-4719-928b-a3ffc31fef16","Thierry Henry",0.29256076,0.999999896961326,2.22044604925031e-16,1,1
"308","08bacbab-f9c7-4fb7-8cb4-c18e5116192b","Dennis Bergkamp",0.033679344,0.0225785694629533,0.00783716126062994,0.0632795396037507,0
"309","61b4a06c-9b6d-4ce1-b1b4-2500cfe314d1","Fredrik Ljungberg",0.033816308,0.0326430199162857,0.00847712844012253,0.117532939356962,0
"310","201ccfed-0d24-4642-ab15-8da167dbae0c","Dennis Bergkamp",0.047206126,0.0252218637653336,0.00374459723358222,0.151188755894325,0
"311","c370ea42-8bd3-4bb3-888d-50955927106d","Sylvain Wiltord",0.17805704,0.330130740052029,0.0758123801344839,0.747526958965651,0
"312","019d9224-c746-49d0-8878-e01d5275866a","Robert Pirès ",0.22699352,0.13586994699624,0.0594497550798713,0.281159639361046,1
"313","c45a86df-6173-42ac-9c26-d9f875abf9dc","Thierry Henry",0.022239976,0.0536792237832965,0.015773250600591,0.167204523564496,0
"314","3a22f5d3-21ed-47ab-b617-7799a025e15a","Thierry Henry",0.4597988,0.374112905301687,0.157416116477692,0.656639847034751,1
"315","64f50d44-f164-4728-988a-aea875a17888","Patrick Vieira",0.065781906,0.0495481429983688,0.0114138994683389,0.190534391118979,0
"316","c44d6eb3-28dd-4fcf-a98d-3c7a12de5162","Thierry Henry",0.015691493,0.00114143297614851,8.54504072329121e-05,0.0150506576892398,0
"317","e75235a3-0d42-416f-9e8f-232d65ecb927","Thierry Henry",0.2958964,0.153456506072738,0.0668246636196746,0.31454236507051,1
"318","d0f8b787-da30-405e-94f7-2c21afbed650","Sylvain Wiltord",0.26719236,0.219800186637214,0.0881609637322903,0.450818756782682,0
"319","3b64a3bf-0b2d-4cba-966e-9ed3ea26f584","Dennis Bergkamp",0.018011613,0.0085047187297336,0.00140686863991881,0.0496323976131727,0
"320","1097cf15-94c6-4ef2-92c0-46973b26cc80","Thierry Henry",0.35838363,0.378571663678059,0.207441200381785,0.586420744207235,1
"321","d9cd3e1f-d988-4a72-a7d2-60b8e43dfd43","Thierry Henry",0.0889227,0.0576560675775404,0.00651754269671543,0.363309016711156,0
"322","fec547f5-4803-4b10-a02f-ea287ca351c9","José Antonio Reyes Calderón",0.06621136,0.0271220402896839,0.00717068680685156,0.097152952456988,0
"323","ccb33ef8-b2ec-465a-b94e-f1f7d5ce8542","Sulzeer Jeremiah ""Sol"" Campbell",0.10517349,0.0465969061298778,0.00893025387316676,0.209545500433219,0
"324","1bd0080e-d234-4ad5-b4bf-03350e4df87d","Thierry Henry",0.31565174,0.210852534936921,0.0740893270393346,0.471510360326996,0
"325","28588886-15b0-40eb-9d5f-09923d2e637d","José Antonio Reyes Calderón",0.034700844,0.0248703767533874,0.00357957391460619,0.153311572964658,0
"326","8160172b-e630-44b5-a472-c53176575e8d","José Antonio Reyes Calderón",0.42755347,0.356125329393739,0.139611753137205,0.653413017272977,0
"327","a8834be7-dfb1-494a-930b-7b88379c45de","Thierry Henry",0.016447304,0.00668613241502946,0.000537028504427337,0.0777656182986111,0
"328","dbb2db32-90dd-44cd-a2c0-b9a8e2514e2a","Robert Pirès ",0.011902801,0.0147371848348007,0.00464856805441269,0.0457151508535112,0
"329","3b24413b-7d1c-4648-949e-42884020c858","Fredrik Ljungberg",0.0494476,0.0447466641348464,0.0184637695801356,0.104461105632932,0
"330","f3f75731-aac4-4633-a83e-8834c79e4f7d","Sylvain Wiltord",0.017476873,0.00263811727131578,0.000287442618239766,0.023755557317973,0
"331","b5ae0143-9ed0-4fc5-948b-1e167bfb6241","Sylvain Wiltord",0.014798124,0.0242035920617645,0.00580692574020621,0.0952955074501454,0
"332","f45da691-730c-4e4c-8fdd-36bf7ca02ede","Sylvain Wiltord",0.34743246,0.563799595510046,0.320896393293323,0.779516252716674,1
"333","ed33bb0b-7e44-4ad6-bce6-c7941576babc","Robert Pirès ",0.017063126,0.00713124049976592,0.000837317785948112,0.0579893418730553,0
"334","9dd95ef4-038e-47b1-be78-79173899ee99","Fredrik Ljungberg",0.13328499,0.11934189959727,0.0195570612187915,0.479340284299434,0
"335","46154c50-c61b-40ca-910b-a0c21fc027b7","Robert Pirès ",0.10363385,0.0927783649096643,0.0186797340717049,0.354598387537714,0
"336","c974ee3e-8941-4178-8747-0073e2cec474","Fredrik Ljungberg",0.46520737,0.687416266798023,0.37181777534619,0.890957761635226,1
"337","12ef0df2-92fb-4044-b457-42426e98ed09","Thierry Henry",0.029281856,0.0826611024374741,0.0328935281393325,0.192721434942759,0
"338","0e5f970b-3d6f-4b41-ac8a-9b10323972c3","Dennis Bergkamp",0.017185526,0.0160781711619102,0.00550594924320557,0.0460113825101863,0
"339","91535739-f6d7-4c69-ad7d-0a1687f4da3e","José Antonio Reyes Calderón",0.031587742,0.0468595445927371,0.0161188679475258,0.128565686206682,0
"340","ec7532c4-02f7-405f-9cf4-91263368c35e","José Antonio Reyes Calderón",0.043996442,0.0590681571000493,0.00965422379957027,0.2878807981869,0
"341","04cfffcd-d8f1-4d8d-aca8-b38645dc7138","Thierry Henry",0.023227867,0.0247780315508964,0.00521781536672417,0.109586639821935,0
"342","7f9bfbdf-7fd5-4522-9da5-d5b1ddff7187","Thierry Henry",0.017431114,0.00621817535713091,0.00166254974260035,0.0229696615345244,0
"343","49b8e6a9-d7b8-4862-a835-ad8ea426052a","Kolo Habib Touré",0.05128316,0.011451549262633,0.00161348056403021,0.0766698410883837,0
"344","99ddb186-7f5e-4bd1-8923-a5ce2494e998","Thierry Henry",0.04504806,0.135299785352863,0.0386497314007278,0.378485647699431,0
"345","81a001d8-ca39-47f6-83af-3a973b61591c","Thierry Henry",0.072366334,0.046961892454418,0.0158696225707526,0.130870346874516,0
"346","81ac908f-cdd8-453c-b716-45107d387ef5","Dennis Bergkamp",0.08153632,0.0994644885943147,0.0191861331428789,0.384099706776725,0
"347","3af255f1-2d6c-4202-bf49-8be7713c8e0f","Dennis Bergkamp",0.011425021,0.00213389899062183,0.000373565774396799,0.0120890350148843,0
"348","bdbc5eec-768b-46bb-b4ac-6987535f1bc5","Thierry Henry",0.01691799,0.00877666155966769,0.00119899883331491,0.0613055938535442,0
"349","c6cefdaf-5637-4686-9f14-6004c9b43e2b","Thierry Henry",0.10752118,0.108507618663617,0.0416055316240689,0.254429354543929,0
"350","9cc78145-676f-4771-b235-17f98c867a19","Thierry Henry",0.020433325,0.18450604028841,0.0578544298657505,0.454626703601754,0
"351","c7333623-e2bc-413d-9aca-394c7f810efc","Thierry Henry",0.010005835,0.00593588808325425,0.00158425220068776,0.0219775137987604,0
"352","b4bdc016-7685-4f53-b93a-b9c4a63a8ac9","Robert Pirès ",0.041013766,0.0133619542805182,0.00388275846057866,0.0449392011851756,0
"353","362ab7b2-8fe6-44f7-a69a-450db2c413d9","Thierry Henry",0.14107776,0.0842163603573761,0.0175111495220469,0.321795927104718,0
"354","118d75dd-2269-4493-b9e7-a5d7c1a07cbf","Thierry Henry",0.040865168,0.0286053198883207,0.00756681800276896,0.102119505101091,0
"355","fce604a9-fdc8-4b5d-96e0-528758e83354","Robert Pirès ",0.05957562,0.0470901854418627,0.0217628216687877,0.0989128999474437,0
"356","60d05afe-6b38-4f8b-812c-3168458270c6","Thierry Henry",0.054794405,0.150313150287653,0.0416706848436787,0.418508154338502,1
"357","070271c0-6d52-49eb-8025-9d121c0fe198","Robert Pirès ",0.03448093,0.00995972360528271,0.00278167127344252,0.0350103108557559,0
"358","9b327d60-7694-43db-8d3e-ac950b1b761b","Thierry Henry",0.101212285,0.0959897075831889,0.0275045843556133,0.285021699253224,0
"359","f04c425b-c83a-4c0f-9398-d8bed3a6dbda","Robert Pirès ",0.3669983,0.571885207569211,0.26944854624622,0.828710540184464,1
"360","52e9cf2c-e406-48f0-b950-26acbfbf18a8","Sylvain Wiltord",0.022911126,0.0184932573429279,0.0047932366741219,0.0686495692318077,0
"361","d66902a9-dd0f-45e0-b5f5-b0f17dd918a2","Thierry Henry",0.077934556,0.00690832444461357,0.00128407104718293,0.0362722145598059,0
"362","a1741656-7d2f-4645-8248-45c687377743","Thierry Henry",0.12726969,0.451472371555252,0.190361191678963,0.742349858275644,0
"363","a8fa1718-12e8-43e6-b0ba-1789041226b3","Kolo Habib Touré",0.043405376,0.0124158804133984,0.00186827869118795,0.0778658699607874,0
"364","d5319fa8-a92c-4d05-ad0f-1f6a3b4cc452","Robert Pirès ",0.0466182,0.0219463129263887,0.00439921785537678,0.102292196804919,0
"365","0bb948e8-5328-4534-8972-09ee8569f3e9","Thierry Henry",0.76,0.999999936121324,2.22044604925031e-16,1,1
"366","c7fd87ae-6dd0-4fa7-8897-3ad1b1890d42","Robert Pirès ",0.10321892,0.0127674615783242,0.00218437103098027,0.0709774430650556,0
"367","5934fc95-0259-46fa-a819-66b2cf7bf54d","Martin Keown",0.05097726,0.00782917449684981,0.000977504185513612,0.0598303974553698,0
"368","5505fb18-a72a-45e1-940b-b2f13a29d00a","Patrick Vieira",0.22358908,0.0172596277995292,0.00189444865478318,0.139792013094848,0
"369","db602a8d-3bd3-421d-a8bb-a8e87d5df17d","Patrick Vieira",0.019308934,0.0304663647743567,0.00716569258243542,0.120349495505003,0
"370","f1435858-0f87-44fc-ad33-2545e8037ed5","Thierry Henry",0.027396759,0.00820561597817076,0.00220367611416287,0.0300619547402241,0
"371","ef06edba-0406-4db1-81b0-0a40f80a8202","Patrick Vieira",0.42920002,0.415602340349588,0.191052062358073,0.681675627485066,0
"372","41146265-569e-49e7-b555-b7ccc0ce400c","Robert Pirès ",0.47650558,0.65679094135693,0.309344714058973,0.891023312679899,1
"373","fa8dde0f-e3ef-4307-8e36-0d7c5c30483f","Fredrik Ljungberg",0.03677693,0.121074338774964,0.0337313218800347,0.352155901674322,0
"374","203178c3-fd5f-4f86-bb90-c4d089db6fbd","Thierry Henry",0.0986956,0.0606929781181082,0.0146825775374496,0.218859252113608,0
"375","5123758e-5a69-4829-b873-d76d4f485e3b","Thierry Henry",0.04197913,0.0624185642518821,0.0102342269414438,0.300030814175912,0
"376","175aaa78-8204-4334-bac0-85ced7c38a4d","Fredrik Ljungberg",0.061366677,0.069500599328546,0.0124624500468598,0.306554367873994,0
"377","1159553a-2a93-4659-b7a7-7b5eb61682d1","Thierry Henry",0.39980355,0.546298886259548,0.321628376825973,0.753571808580714,1
"378","ae0078d6-3699-43d6-8b2b-e5d82466b3b9","Dennis Bergkamp",0.030258251,0.023126984405745,0.0087544508128971,0.0596749595731423,0
"379","036ff28e-e895-4c56-b38a-5176eb0f6e33","Thierry Henry",0.021094149,0.0101017120072887,0.000827286404369663,0.111722845976169,0
"380","357a5314-8dbd-4dde-b93b-831281efb3ad","Ray Parlour",0.018474579,0.0117295936572795,0.00330926308053883,0.0407003161307251,0
"381","405e32fe-fcab-4728-900a-828b3a0badc0","Dennis Bergkamp",0.09502931,0.0806889841851446,0.0291982929018143,0.203910105490448,0
"382","d86a64b4-a253-4886-b21b-63bf4c41cfe2","Robert Pirès ",0.024352182,0.0346952376685734,0.0122205933631514,0.0945463434636631,0
"383","233f37a1-752a-4fa5-82c2-dac05567453a","Dennis Bergkamp",0.06961256,0.0892495055198773,0.0319546791237389,0.2253588422881,0
"384","245d6b6e-36cb-4844-b158-701dc401d63c","Sulzeer Jeremiah ""Sol"" Campbell",0.05926802,0.22463149685267,0.0443037289131747,0.644194630191679,0
"385","1ed24250-1b32-4800-a1f3-222e1df68911","Sulzeer Jeremiah ""Sol"" Campbell",0.063088514,0.285667097882793,0.104940607768843,0.576995487464281,0
"386","5963cbcd-7edf-4a2b-a957-453863f1784d","Dennis Bergkamp",0.052453496,0.0709799684289809,0.02474898435158,0.187010297781253,0
"387","bc2de9e7-2136-485c-a875-b9bba8723020","Jérémie Aliadière",0.051890623,0.111443346967266,0.0335347076430251,0.311932600995325,0
"388","5fdf27ea-bbfb-46fb-a29f-bf2fa5b757cd","Eduardo César Daude Gaspar",0.026706755,0.0197502923219659,0.00647049509292059,0.0586754278772697,0
"389","34c37f82-f3e6-4360-b8c2-2ffd94d2e9ec","Thierry Henry",0.1411635,0.0879652159288166,0.034173844454507,0.208176860551591,1
"390","2d783340-51e9-4b31-a904-3a3e3d6a2754","Thierry Henry",0.061214156,0.0718495748968849,0.0172152016812221,0.254901186551488,0
"391","ff13be67-505a-4293-b5cd-5a0974c0337a","Fredrik Ljungberg",0.012752354,0.0136634892560833,0.00382268334891705,0.0476264978529236,0
"392","c2cd15ad-b248-4ce2-94cd-b96d36c5e908","Ashley Cole",0.03691522,0.0145081028687721,0.00296286389598358,0.0679739956353745,0
"393","14ebe667-610e-43e9-8c00-d29399fea65d","Thierry Henry",0.032203477,0.0445684668547955,0.0141492954064755,0.131651719046879,0
"394","fc9c2301-e282-4c64-aca6-4f255364a6fa","Thierry Henry",0.07138596,0.133932345413488,0.0175783022014306,0.572020332736079,1
"395","7726960f-2b41-4cda-86aa-9ad391abcd36","Thierry Henry",0.051719114,0.07103116898263,0.0178939834269498,0.242930790379989,0
"396","b0b36df6-76f0-4e0c-9420-47cb2c0ca36c","Dennis Bergkamp",0.013291143,0.00458578646535918,0.000873615438867446,0.023697605356419,0
"397","92bcbfa6-3b43-402b-aa12-77230d32dfd3","Ray Parlour",0.009004557,0.00280034160578884,0.000604481207948718,0.0128702393295598,0
"398","e48e851a-2821-4262-8419-72744b25ef7a","Thierry Henry",0.02488646,0.0150224175233078,0.00522738669132969,0.0423891973480753,0
"399","e5291188-129b-4bb3-9234-9265f7c53031","Nwankwo Christian Kanu",0.089410804,0.108112051541666,0.0285768107570504,0.333104306097613,0
"400","3346674f-6b28-4ac4-be14-72003a377a5f","Thierry Henry",0.016610796,0.0254449020516143,0.00605913206949431,0.100577877418696,0
"401","b79c2dbf-a17a-4983-a2c0-c94daac79327","Thierry Henry",0.09334736,0.281049727606382,0.0971234669267664,0.586879850300296,0
"402","0e95451a-e6d5-46c4-bc96-244e2712bc5c","Ray Parlour",0.014193849,0.011235566899802,0.00385193267553939,0.0323135142906667,0
"403","a06c2d27-ce7b-4537-8f02-3e3489799a36","Thierry Henry",0.02679691,0.0318937656432591,4.66613143697331e-07,0.999570260837091,0
"404","b867376c-d32a-45a6-b416-9a23961162af","Thierry Henry",0.029262168,0.0284960307688525,0.0117363724778608,0.0675527137355329,0
"405","3a40b059-7cfb-4ee6-94cd-e74ee4593bbe","Sylvain Wiltord",0.17958675,0.377370692264334,0.175275212393024,0.633496323794895,0
"406","56db31ff-ea95-48ff-a7b1-e8fceeea0fe1","Fredrik Ljungberg",0.08593942,0.155825139141088,0.0300017353436753,0.524178302759827,0
"407","4f3a8b4b-d339-4f8a-9018-3b8f409473f5","Thierry Henry",0.39777723,0.725128728189938,0.218853065489928,0.961300311828147,1
"408","4e9f1063-b69b-4d07-94de-b733f0fd1a40","Thierry Henry",0.026539246,0.0379161613666598,0.0117487439542799,0.115550508180299,0
"409","c0d3c145-7aa7-4967-955e-e2ba4f96d5fd","Fredrik Ljungberg",0.26450235,0.415704079504372,0.037760374115044,0.928051420185773,0
"410","ad530760-ab0b-4b9b-9222-812fb0b50e0d","Eduardo César Daude Gaspar",0.034299284,0.0374926347533476,0.00981247388998314,0.132785132375971,0
"411","3194fb3a-9bed-47da-a263-1a5e943527da","Thierry Henry",0.022162363,0.0290829738372736,0.00786327502664949,0.101696192147028,0
"412","fa9e6a21-4769-4dbe-9344-adc4cf872e60","Gilberto Aparecido da Silva",0.21590783,0.147469427577434,0.0347485503010801,0.453899903235731,1
"413","7b1e3f3f-3a55-441a-8d70-16425dce5d36","Thierry Henry",0.10264165,0.0323338948943507,0.00591675532655812,0.157956853848116,0
"414","91f6d388-9da4-48b1-93c1-d1440452412e","Sylvain Wiltord",0.01162514,0.001037809934541,7.39836237179034e-05,0.0143774036608435,0
"415","808ae6f2-92e1-4ed0-a5e1-815f4a832983","Fredrik Ljungberg",0.032979507,0.0182192481150827,0.0036476628513699,0.0859778983032479,0
"416","1f556508-4d41-4d53-bf78-e36b4b0ea6d9","Ashley Cole",0.07767515,0.0553909541518592,0.0207455194602278,0.139644181751644,0
"417","380f2b24-2f3e-4bad-bbbb-f425301a6bde","Dennis Bergkamp",0.03262175,0.0607727233908032,0.0191761452168152,0.17637440054566,0
"418","f54ca8a5-4bc8-41ea-a9b0-3e5ae5ff0311","Gilberto Aparecido da Silva",0.016117211,0.00948267702935902,0.00225318236207361,0.0390017740655874,0
"419","94380338-6981-484c-a08a-29c7f78ff09d","Thierry Henry",0.04347104,0.0023538968968168,0.000346199622952989,0.0158204638664797,0
"420","f9ac4fe0-0978-48c7-9f2c-2612508cd0ce","Thierry Henry",0.017038329,0.00363429200130761,0.000548416232571942,0.0236727633772719,0
"421","80f23f3b-4a11-4cb8-bbd4-5de2b0d0a026","Eduardo César Daude Gaspar",0.015504703,0.0397574247167986,0.00892539294623191,0.159911166268785,0
"422","009e9981-8172-41bc-9fd3-7f62c0443844","José Antonio Reyes Calderón",0.05340362,0.147296284613464,0.048104454573846,0.371251510079455,0
"423","b1640944-177e-4b33-85ce-e6e114531adb","Ashley Cole",0.055672225,0.00559237088928968,0.000836054237828161,0.0364210646469366,0
"424","4587c649-f37b-41a0-bab7-519a5c5686b7","Thierry Henry",0.020563982,0.00629167861074251,0.00181040684954639,0.0216250628993169,0
"425","77bcf23d-9fd1-4aac-87b9-a7ebc33b0a22","Fredrik Ljungberg",0.046621114,0.0361131491026451,0.0128050884031293,0.0976503474649829,0
"426","93273c26-9840-4efc-b28c-99f367414b57","José Antonio Reyes Calderón",0.02356755,0.0238386976690504,0.00848476191894364,0.0651512793151481,0
"427","7065d019-c113-4370-a5e0-7b07fe63c675","Gaël Clichy",0.104443416,0.0725305921261871,0.0276366631660248,0.177071387853226,0
"428","be0d8bbe-6ba0-41a8-ba67-d5225605d977","Thierry Henry",0.055180646,0.251893053958546,0.0740697151881474,0.586304607843663,0
"429","793fe34a-46fb-477d-bb20-bfb4d8566e12","Thierry Henry",0.07717468,0.00133636929451287,3.45029902745109e-07,0.838446075268875,0
"430","96f75ebe-6709-4e23-8fac-a5ba191a0f9e","Robert Pirès ",0.6542711,0.787120329982098,0.516666654117124,0.927480534394916,1
"431","9b7117c6-3b53-4362-9c7f-30e946087534","Thierry Henry",0.28175247,0.503533012506208,0.17748993955034,0.826598784268673,1
"432","055289ac-070d-459c-a52a-551278b70aca","Ashley Cole",0.022240577,0.0103532085762478,0.00246802861957568,0.042361162344983,0
"433","dadcda05-3e3e-4786-ad29-d300db88efdb","Ashley Cole",0.058210675,0.0772208334999475,0.0299668343898318,0.184793522952588,0
"434","7b8f6087-50b6-4370-b243-1fa7637c2df0","Dennis Bergkamp",0.077926315,0.056570012747527,0.0236977259359181,0.129015335813917,0
"435","03d0d539-c62f-4bb0-892f-bcf3060e32ef","Eduardo César Daude Gaspar",0.010308976,0.00448310766798148,0.00107592879904787,0.0184803008678631,0
"436","2eae464d-d004-4b9d-ad4a-b7563eec7b63","Dennis Bergkamp",0.038181163,0.0134892879860834,0.00388293519278901,0.0457696816431584,0
"437","1026508e-c5fe-41a2-8dc7-031dde4f6cad","Dennis Bergkamp",0.01843161,0.0232268347674731,0.00283325207497351,0.165978692704726,0
"438","39a9b5c7-81aa-4c5f-a836-4243bf2ccc3e","Eduardo César Daude Gaspar",0.028465373,0.0471760408311083,0.0168329607214639,0.125247643755101,0
"439","f2947cda-1641-4afa-a0ee-0975dcad4478","Fredrik Ljungberg",0.10951795,0.0769722430025013,0.0288424816351693,0.189726306900614,0
"440","9f43cd40-af38-44a4-bbea-f0713428cdc2","Patrick Vieira",0.03590704,0.0894766534893972,0.026558897486317,0.261418072197472,0
"441","43650d86-f8d4-4b1b-9fe6-91ca765a6387","Robert Pirès ",0.03936229,0.036331980280295,0.0117018449195775,0.107181553431165,0
"442","a55c1fe6-1fd7-4290-91d5-ab9d8c112445","Thierry Henry",0.07555854,0.197995808216056,0.0620995648976286,0.479304047964023,0
"443","6850c38c-01e1-49e3-bda5-82addb06e4c2","Dennis Bergkamp",0.016069802,0.0138407472025367,0.00269730715501115,0.0678875099984012,0
"444","52b14db2-5442-460c-996f-5aa8207c3b8f","Thierry Henry",0.023159137,0.0186433652526968,0.00634008605201751,0.0535354969363894,0
"445","0591d431-d510-4e06-8034-b23393df60b2","Eduardo César Daude Gaspar",0.04743793,0.210629391408979,0.063027970574277,0.514196999379012,0
"446","04ba3c91-0f67-4755-892e-0cd9534034c4","Thierry Henry",0.2055144,0.130663451429374,0.0614037645996472,0.25667998761722,0
"447","f0b277ff-3023-436b-8e88-5e79fdce9d6f","Patrick Vieira",0.37445217,0.0308525141326714,0.00474689101848846,0.175246656062081,0
"448","40834687-01b7-4eb0-8fa8-ab11d77ea936","Thierry Henry",0.03776221,0.0890974010896159,0.0274775234943031,0.25296011026571,0
"449","0cdcae7c-e6cd-4931-87e5-f1e901243d61","José Antonio Reyes Calderón",0.020930834,0.0274290484097189,0.0067308658943543,0.105045153547139,0
"450","1e9789f3-ad1b-4b8f-a2b5-d51491045f6e","Gilberto Aparecido da Silva",0.043339178,0.00570442327719071,0.000916298925829085,0.0346452813299331,0
